Date,TeamA-d7299614-fa73-4f69-b5e9-f913e3154ff6,TeamA-b58af410-da77-479e-b93c-e03617b9f36d,TeamA-5cd7a61b-88b2-46d2-94f8-5a0d4f682d93,TeamA-74afe68c-f348-414c-9754-6d6f9df12587,TeamA-bcc03f81-2733-45d3-abf1-f7a709c63e68,TeamA-2d44f941-2f24-4fc2-afa8-611a091f2e93,TeamA-ecdbd8ec-61a7-4131-97ec-3af76f621f65,TeamA-e920ae60-5c4b-4597-be27-fc6876dcec33,TeamA-af719df9-3e6c-4ad4-9e8e-0c0c45f4f76a,TeamA-c4ccf1a6-48c3-4a17-8d6c-eedd12e8680e,TeamA-affd6f1d-b364-4700-98bf-8f20896e5ac4,TeamA-5a3be598-2f51-426f-95a5-b63d1d7c1b43,TeamA-3e5f6e2b-46b7-4890-84a9-3bbb2649af5a,TeamA-4051bba7-1170-4c43-b912-8c38815a7625,TeamA-560cb066-a8ae-412f-b09f-0d2a6aa0cf05,TeamA-5a5b135d-d146-4b4c-b3da-efcd4d203f95,TeamA-32fed4b3-d7fc-482d-ba21-c46c58f015b5,TeamA-67961019-dbb5-464b-839e-08e5896c2c42,TeamA-f20565cc-df22-46a7-aa97-af8ed00601d7,TeamA-705923a2-378f-4f8e-8a29-464837b88cdc,TeamA-358603ef-b3a3-46b5-b80a-ad64e06b6592,TeamA-82a0cc6a-a398-4c89-b5fb-34bc4b53dbea,TeamA-78f2ae2c-caf7-47eb-9e84-521f7820182e,TeamA-967090b2-87d4-476b-adba-56cfaf65ba87,TeamA-7a0fe0d4-c3f7-4ba1-8210-2ee9354d331e,TeamA-0362cdd5-7a63-480a-a46a-62a99fb1692f,TeamA-c91a44bb-976c-421f-b146-f57e1e5b0846,TeamB-2f23d7d5-2326-49ce-b9c8-5a6303f785c5,TeamB-f67673c0-d467-4832-9519-55133a2647e5,TeamB-48bfd4ea-e9e2-45b5-befc-3383cae87fdf,TeamB-4d54416a-8e5f-42c0-8dd0-12700569908f,TeamB-70b74270-f655-43cc-a188-1ebc7a828b95,TeamB-789547e7-1325-4153-a98d-5ecd497f3668,TeamB-afc13e53-2c77-48cb-8a78-743663bbb84f,TeamB-a7126274-c2d2-4f4e-9b67-35d376aefacc,TeamB-7ab47f4e-6eca-4793-880f-6a0dad3459c3,TeamB-4405bb1f-56f7-48ba-bfa8-e795e4006952,TeamB-e4321aef-964a-4fdd-88bd-0bd548b0e93b,TeamB-ab691983-3544-4a0e-8f70-db44d85cb907,TeamB-29c5271b-5c46-455e-91ea-da2abfa8ff3c,TeamB-9c845827-99f9-47f4-977d-2200a107a013,TeamB-ab5ec6e5-b0f3-401e-8dc5-aa6c5070e255,TeamB-d9501f3a-aaa1-4311-8b8b-3a8d3f21480f,TeamB-5eba590a-cecb-400f-a92e-08224c7e2e59,TeamB-7d41e602-eece-328b-ff7b-118e820865d6,TeamB-4b1e23d2-4204-4e16-9991-e0490649079b,TeamB-e1f63352-01cb-4688-9486-5c6f1e5cf0cd,TeamB-5a921187-19c7-8df4-8f4f-f31e78de5857,TeamB-6d568bee-175f-4dcb-9d3a-0f3e8f35de07,TeamB-08e35b7b-d2ad-411f-a0de-4e663f14c3c3
01.01.2020,,,,,,,,,,,,,,,,,,,,,,,,,,,,,,,,,,,,,,,,,,,,,,,,,,
02.01.2020,,,,,,,,,,,,,,,,,,,,,,,,,,,,,,,,,,,,,,,,,,,,,,,,,,
03.01.2020,,,,,,,,,,,,,,,,,,,,,,,,,,,,,,,,,,,,,,,,,,,,,,,,,,
04.01.2020,,,,,,,,,,,,,,,,,,,,,,,,,,,,,,,,,,,,,,,,,,,,,,,,,,
05.01.2020,,,,,,,,,,,,,,,,,,,,,,,,,,,,,,,,,,,,,,,,,,,,,,,,,,
06.01.2020,,,,,,,,,,,,,,,,,,,,,,,,,,,,,,,,,,,,,,,,,,,,,,,,,,
07.01.2020,,,,,,,,,,,,,,,,,,,,,,,,,,,,,,,,,,,,,,,,,,,,,,,,,,
08.01.2020,,,,,,,,,,,,,,,,,,,,,,,,,,,,,,,,,,,,,,,,,,,,,,,,,,
09.01.2020,,,,,,,,,,,,,,,,,,,,,,,,,,,,2.0,,,3.0,3.0,4.0,2.0,,,,,,,,,,,,,,,,
10.01.2020,,,,,,,,,,,,,,,,,,,,,,,,,,,,2.0,,,3.0,3.0,,3.0,,,4.0,,,,,,,,,,,,,
11.01.2020,,,,,,,,,,,,,,,,,,,,,,,,,,,,2.0,,,,,,3.0,,,,,,,,,,,,,,,,
12.01.2020,,,,,,,,,,,,,,,,,,,,,,,,,,,,2.0,,,,3.0,,3.0,,,,,,,,,,,,,,,,
13.01.2020,,,,,,,,,,,,,,,,,,,,,,,,,,,,,,,,3.0,,4.0,,,4.0,,,,,,,,,,,,,
14.01.2020,,,,,,,,,,,,,,,,,,,,,,,,,,,,,,,,3.0,3.0,3.0,,,4.0,3.0,,,,,,,,,,,,
15.01.2020,,,,,,,,,,,,,,,,,,,,,,,,,,,,2.0,,,,3.0,,2.0,,,,,,,,,,,,,,,,
16.01.2020,,,,,,,,,,,,,,,,,,,,,,,,,,,,2.0,,,,3.0,2.0,3.0,,,4.0,3.0,,,,,,,,,,,,
17.01.2020,,,,,,,,,,,,,,,,,,,,,,,,,,,,2.0,,,,3.0,3.0,2.0,,,3.0,3.0,,,,,,,,,,,,
18.01.2020,,,,,,,,,,,,,,,,,,,,,,,,,,,,3.0,,,,3.0,,4.0,,,4.0,3.0,,,,,,,,,,,,
19.01.2020,,,,,,,,,,,,,,,,,,,,,,,,,,,,2.0,,,,3.0,,4.0,,,,3.0,,,,,,,,,,,,
20.01.2020,,,,,,,,,,,,,,,,,,,,,,,,,,,,2.0,,,,3.0,4.0,3.0,,,5.0,3.0,,,,,,,,,,,,
21.01.2020,,,,,,,,,,,,,,,,,,,,,,,,,,,,,,,,3.0,3.0,3.0,,,3.0,3.0,,,,,,,,,,,,
22.01.2020,,,,,,,,,,,,,,,,,,,,,,,,,,,,4.0,,,,3.0,3.0,4.0,,2.0,,,,,,,,,,,,,,
23.01.2020,,,,,,,,,,,,,,,,,,,,,,,,,,,,3.0,,,,3.0,4.0,4.0,3.0,4.0,5.0,3.0,,,,,,,,,,,,
24.01.2020,,,,,,,,,,,,,,,,,,,,,,,,,,,,3.0,,,,3.0,4.0,3.0,2.0,4.0,5.0,,,,,,,,,,,,,
25.01.2020,,,,,,,,,,,,,,,,,,,,,,,,,,,,3.0,,,,3.0,3.0,2.0,3.0,4.0,4.0,3.0,,,,,,,,,,,,
26.01.2020,,,,,,,,,,,,,,,,,,,,,,,,,,,,3.0,,,,3.0,4.0,2.0,3.0,3.0,3.0,3.0,,,,,,,,,,,,
27.01.2020,,,,,,,,,,,,,,,,,,,,,,,,,,,,3.0,,,,3.0,4.0,4.0,3.0,4.0,4.0,3.0,,,,,,,,,,,,
28.01.2020,,,,,,,,,,,,,,,,,,,,,,,,,,,,3.0,,,,3.0,3.0,3.0,3.0,4.0,4.0,3.0,,,,,,,,,,,,
29.01.2020,,,,,,,,,,,,,,,,,,,,,,,,,,,,3.0,,,,3.0,,2.0,3.0,4.0,3.0,,,,,,,,,,,,,
30.01.2020,,,,,,,,,,,,,,,,,,,,,,,,,,,,3.0,,,,3.0,3.0,3.0,3.0,4.0,5.0,3.0,,,,,,,,,,,,
31.01.2020,,,,,,,,,,,,,,,,,,,,,,,,,,,,3.0,,,,3.0,,3.0,,4.0,3.0,,,,,,,,,,,,,
01.02.2020,,,,,,,,,,,,,,,,,,,,,,,,,,,,4.0,,,,3.0,4.0,5.0,,4.0,4.0,3.0,,,,,,,,,,,,
02.02.2020,,,,,,,,,,,,,,,,,,,,,,,,,,,,4.0,,,,3.0,3.0,4.0,3.0,4.0,5.0,3.0,,,,,,,,,,,,
03.02.2020,,,,,,,,,,,,,,,,,,,,,,,,,,,,4.0,,,,3.0,3.0,3.0,3.0,,4.0,3.0,,,,,,,,,,,,
04.02.2020,,,,,,,,,,,,,,,,,,,,,,,,,,,,4.0,,,,,3.0,4.0,2.0,4.0,4.0,3.0,,,,3.0,,,,,,,,
05.02.2020,,,,,,,,,,,,,,,,,,,,,,,,,,,,4.0,4.0,,,3.0,,4.0,,4.0,4.0,3.0,,,,3.0,,,,,,,,
06.02.2020,,,,,,,,,,,,,,,,,,,,,,,,,,,,3.0,,,,3.0,4.0,3.0,2.0,4.0,3.0,3.0,,,,3.0,,,,,,,,
07.02.2020,,,,,,,,,,,,,,,,,,,,,,,,,,,,3.0,,,,3.0,3.0,3.0,,4.0,4.0,3.0,,,,4.0,,,,,,,,
08.02.2020,,,,,,,,,,,,,,,,,,,,,,,,,,,,3.0,,,,3.0,2.0,3.0,,4.0,3.0,3.0,,,,3.0,,,,,,,,
09.02.2020,,,,,,,,,,,,,,,,,,,,,,,,,,,,3.0,,,,3.0,,3.0,,,4.0,3.0,,,,3.0,,,,,,,,
10.02.2020,,,,,,,,,,,,,,,,,,,,,,,,,,,,3.0,,,,3.0,,3.0,,4.0,3.0,3.0,,,,4.0,,,,,,,,
11.02.2020,,,,,,,,,,,,,,,,,,,,,,,,,,,,3.0,,,,3.0,2.0,4.0,,,4.0,3.0,,,,3.0,,,,,,,,
12.02.2020,,,,,,,,,,,,,,,,,,,,,,,,,,,,3.0,,,,3.0,,3.0,,4.0,4.0,3.0,,,,3.0,,,,,,,,
13.02.2020,,,,,,,,,,,,,,,,,,,,,,,,,,,,3.0,,,,3.0,2.0,3.0,3.0,4.0,4.0,3.0,,,,3.0,,,,,,,,
14.02.2020,,,,,,,,,,,,,,,,,,,,,,,,,,,,3.0,,,,3.0,2.0,,,4.0,4.0,3.0,,,,3.0,,,,,,,,
15.02.2020,,,,,,,,,,,,,,,,,,,,,,,,,,,,3.0,,,,3.0,2.0,3.0,,,4.0,3.0,,,,3.0,,,,,,,,
16.02.2020,,,,,,,,,,,,,,,,,,,,,,,,,,,,,,,,3.0,,4.0,,4.0,4.0,3.0,,,,,,,,,,,,
17.02.2020,,,,,,,,,,,,,,,,,,,,,,,,,,,,3.0,,2.0,,3.0,3.0,2.0,3.0,,3.0,3.0,,,,3.0,,,,,,,,
18.02.2020,,,,,,,,,,,,,,,,,,,,,,,,,,,,3.0,,2.0,,3.0,2.0,3.0,,4.0,3.0,3.0,,,,3.0,,,,,,,,
19.02.2020,,,,,,,,,,,,,,,,,,,,,,,,,,,,3.0,,2.0,,3.0,3.0,3.0,3.0,,,3.0,,,,4.0,,,,,,,,
20.02.2020,,,,,,,,,,,,,,,,,,,,,,,,,,,,3.0,,2.0,,3.0,3.0,4.0,,,5.0,3.0,3.0,,,4.0,,,,,,,,
21.02.2020,,,,,,,,,,,,,,,,,,,,,,,,,,,,3.0,,,,3.0,,2.0,,,,3.0,,,,4.0,,,,,,,,
22.02.2020,,,,,,,,,,,,,,,,,,,,,,,,,,,,,,,,3.0,2.0,3.0,,,4.0,3.0,,,,3.0,,,,,,,,
23.02.2020,,,,,,,,,,,,,,,,,,,,,,,,,,,,3.0,,2.0,,3.0,4.0,2.0,,,4.0,3.0,4.0,,,3.0,,,,,,,,
24.02.2020,,,,,,,,,,,,,,,,,,,,,,,,,,,,3.0,,2.0,,3.0,3.0,3.0,3.0,4.0,4.0,3.0,5.0,,,4.0,,,,,,,,
25.02.2020,,,,,,,,,,,,,,,,,,,,,,,,,,,,3.0,,2.0,,3.0,3.0,3.0,,4.0,5.0,4.0,5.0,,,3.0,,,,,,,,
26.02.2020,,,,,,,,,,,,,,,,,,,,,,,,,,,,3.0,,3.0,,3.0,2.0,3.0,,,5.0,3.0,5.0,,,2.0,,,,,,,,
27.02.2020,,,,,,,,,,,,,,,,,,,,,,,,,,,,3.0,,2.0,,3.0,2.0,3.0,3.0,,5.0,3.0,,,,3.0,,,,,,,,
28.02.2020,,,,,,,,,,,,,,,,,,,,,,,,,,,,3.0,,3.0,,3.0,2.0,4.0,,,4.0,3.0,,,,3.0,,,,,,,,
29.02.2020,,,,,,,,,,,,,,,,,,,,,,,,,,,,3.0,,4.0,,3.0,4.0,3.0,,,3.0,3.0,5.0,,,4.0,,,,,,,,
01.03.2020,,,,,,,,,,,,,,,,,,,,,,,,,,,,3.0,,3.0,,3.0,3.0,3.0,3.0,,3.0,3.0,3.0,,,4.0,,,,,,,,
02.03.2020,,,,,,,,,,,,,,,,,,,,,,,,,,,,3.0,,3.0,,3.0,4.0,3.0,4.0,,3.0,3.0,2.0,,,4.0,,,,,,,,
03.03.2020,,,,,,,,,,,,,,,,,,,,,,,,,,,,3.0,,3.0,,3.0,3.0,3.0,,,3.0,3.0,4.0,,,4.0,,,,,,,,
04.03.2020,,,,,,,,,,,,,,,,,,,,,,,,,,,,3.0,,3.0,,3.0,2.0,3.0,,,3.0,3.0,3.0,,,3.0,,,,,,,,
05.03.2020,,,,,,,,,,,,,,,,,,,,,,,,,,,,3.0,,3.0,,3.0,2.0,3.0,2.0,,3.0,3.0,,,,4.0,,,,,,,,
06.03.2020,,,,,,,,,,,,,,,,,,,,,,,,,,,,3.0,,3.0,,3.0,3.0,3.0,2.0,,4.0,3.0,3.0,,,,,,,,,,,
07.03.2020,,,,,,,,,,,,,,,,,,,,,,,,,,,,3.0,,3.0,,3.0,2.0,3.0,,,3.0,3.0,,,,4.0,,,,,,,,
08.03.2020,,,,,,,,,,,,,,,,,,,,,,,,,,,,,,3.0,,3.0,3.0,3.0,,,5.0,3.0,3.0,,,3.0,,,,,,,,
09.03.2020,,,,,,,,,,,,,,,,,,,,,,,,,,,,3.0,,3.0,,3.0,3.0,3.0,2.0,4.0,4.0,3.0,4.0,,,3.0,,,,,,,,
10.03.2020,,,,,,,,,,,,,,,,,,,,,,,,,,,,3.0,,3.0,,3.0,2.0,2.0,2.0,4.0,5.0,3.0,3.0,,,4.0,,,,,,,,
11.03.2020,,,,,,,,,,,,,,,,,,,,,,,,,,,,,,3.0,,3.0,3.0,3.0,,,5.0,2.0,3.0,,,4.0,,,,,,,,
12.03.2020,,,,,,,,,,,,,,,,,,,,,,,,,,,,3.0,,3.0,,3.0,3.0,3.0,2.0,4.0,5.0,2.0,3.0,,,3.0,,,,,,,,
13.03.2020,,,,,,,,,,,,,,,,,,,,,,,,,,,,3.0,,3.0,,3.0,3.0,4.0,2.0,2.0,2.0,2.0,2.0,,,2.0,,,,,,,,
14.03.2020,,,,,,,,,,,,,,,,,,,,,,,,,,,,3.0,,3.0,,3.0,3.0,4.0,,4.0,4.0,3.0,2.0,,,2.0,,,,,,,,
15.03.2020,,,,,,,,,,,,,,,,,,,,,,,,,,,,3.0,,3.0,,3.0,3.0,4.0,2.0,,4.0,3.0,,,,2.0,,,,,,,,
16.03.2020,,,,,,,,,,,,,,,,,,,,,,,,,,,,,,3.0,,3.0,3.0,2.0,2.0,,4.0,3.0,3.0,,,4.0,,,,,,,,
17.03.2020,3.0,,,,,,,,,,,,,,,,,,,,,,,,,,,3.0,,3.0,,3.0,3.0,3.0,2.0,4.0,4.0,3.0,3.0,,,3.0,,,,,,,,
18.03.2020,4.0,,,,,,,,,,,,,,,,,,,,,,,,,,,3.0,,2.0,,,3.0,3.0,3.0,,4.0,3.0,2.0,,,2.0,,,,,,,,
19.03.2020,3.0,,,,,,,,,,,,,,,,,,,,,,,,,,,3.0,,2.0,,,3.0,3.0,,,3.0,3.0,4.0,,,2.0,,,,,,,,
20.03.2020,3.0,3.0,4.0,2.0,4.0,5.0,2.0,3.0,,2.0,3.0,,,,,,3.0,,,,,,,,,,,3.0,,3.0,,3.0,3.0,2.0,,,4.0,3.0,3.0,,,3.0,,,,,,,,
21.03.2020,3.0,3.0,4.0,3.0,4.0,5.0,3.0,3.0,4.0,,5.0,4.0,5.0,,,,,,,,,,,,,,,3.0,,3.0,,3.0,3.0,2.0,2.0,,4.0,3.0,3.0,,,3.0,,,,,,,,
22.03.2020,3.0,3.0,3.0,3.0,3.0,3.0,4.0,3.0,4.0,4.0,5.0,3.0,5.0,3.0,,,,,,,,,,,,,,3.0,,3.0,,3.0,3.0,2.0,3.0,4.0,4.0,3.0,3.0,,,3.0,,,,,,,,
23.03.2020,3.0,3.0,4.0,3.0,,3.0,3.0,4.0,,4.0,,3.0,4.0,3.0,3.0,,,,,,,,,,,,,3.0,,3.0,,3.0,3.0,2.0,2.0,,3.0,3.0,3.0,,,2.0,,,,,,,,
24.03.2020,3.0,3.0,3.0,3.0,3.0,3.0,3.0,3.0,4.0,3.0,3.0,3.0,3.0,3.0,2.0,,2.0,,,,,,,,,,,3.0,,3.0,,3.0,3.0,2.0,3.0,,4.0,3.0,3.0,,,2.0,,,,,,,,
25.03.2020,3.0,3.0,3.0,3.0,,3.0,3.0,3.0,4.0,4.0,3.0,3.0,,3.0,2.0,,3.0,,,,,,,,,,,3.0,,3.0,,3.0,3.0,2.0,2.0,,4.0,3.0,3.0,,,2.0,,,,,,,,
26.03.2020,3.0,4.0,3.0,2.0,3.0,4.0,3.0,3.0,,4.0,3.0,3.0,4.0,3.0,3.0,,3.0,,,,,,,,,,,3.0,,3.0,3.0,3.0,3.0,2.0,3.0,,4.0,3.0,3.0,,,3.0,,,,,,,,
27.03.2020,3.0,4.0,3.0,3.0,,3.0,3.0,3.0,3.0,,,3.0,,4.0,3.0,,3.0,,,,,,,,,,,3.0,,3.0,3.0,3.0,3.0,1.0,3.0,,3.0,3.0,3.0,,,3.0,,,,,,,,
28.03.2020,3.0,3.0,3.0,3.0,,3.0,3.0,3.0,3.0,5.0,3.0,3.0,,4.0,3.0,,4.0,,,,,,,,,,,3.0,,3.0,3.0,3.0,3.0,4.0,2.0,,4.0,3.0,3.0,,,2.0,,,,,,,,
29.03.2020,3.0,4.0,3.0,4.0,4.0,3.0,4.0,,3.0,3.0,3.0,3.0,,4.0,2.0,,4.0,,,,,,,,,,,3.0,,3.0,,3.0,3.0,4.0,2.0,,3.0,3.0,,,,3.0,,,,,,,,
30.03.2020,3.0,4.0,3.0,3.0,,3.0,3.0,3.0,,2.0,,3.0,,2.0,3.0,,,,,,,,,,,,,3.0,,3.0,2.0,3.0,3.0,4.0,3.0,,4.0,3.0,,,,3.0,,,,,,,,
31.03.2020,3.0,4.0,3.0,2.0,,3.0,3.0,3.0,3.0,4.0,4.0,3.0,,2.0,2.0,,,,,,,,,,,,,3.0,,3.0,2.0,3.0,3.0,3.0,3.0,,4.0,3.0,3.0,,,3.0,,,,,,,,
01.04.2020,3.0,4.0,4.0,2.0,3.0,3.0,3.0,3.0,,,2.0,3.0,,3.0,2.0,,4.0,,,,,,,,,,,3.0,,3.0,2.0,3.0,3.0,3.0,,,4.0,3.0,3.0,,,3.0,,,,,,,,
02.04.2020,3.0,4.0,3.0,2.0,2.0,3.0,3.0,3.0,3.0,5.0,,3.0,,3.0,4.0,,4.0,,,,,,,,,,,3.0,,3.0,3.0,3.0,3.0,3.0,3.0,,4.0,3.0,3.0,,,3.0,,,,,,,,
03.04.2020,3.0,4.0,3.0,2.0,3.0,3.0,4.0,3.0,,4.0,,4.0,,4.0,,,3.0,,,,,,,,,,,3.0,,3.0,2.0,3.0,3.0,3.0,,,4.0,3.0,3.0,,,3.0,,,,,,,,
04.04.2020,3.0,4.0,3.0,4.0,,,3.0,4.0,3.0,5.0,,3.0,,4.0,3.0,,4.0,,,,,,,,,,,3.0,,3.0,,3.0,3.0,3.0,,,4.0,3.0,3.0,,,3.0,,,,,,,,
05.04.2020,3.0,4.0,3.0,4.0,,3.0,4.0,,3.0,4.0,,3.0,,4.0,2.0,,4.0,,,,,,,,,,,3.0,,3.0,3.0,3.0,3.0,3.0,2.0,,4.0,3.0,3.0,,,3.0,,,,,,,,
06.04.2020,3.0,4.0,3.0,3.0,,3.0,4.0,3.0,4.0,2.0,,3.0,,4.0,2.0,,,,,,,,,,,,,,,3.0,3.0,3.0,3.0,3.0,,,4.0,3.0,3.0,,,4.0,,,,,,,,
07.04.2020,3.0,4.0,3.0,4.0,3.0,3.0,3.0,4.0,3.0,3.0,,3.0,,4.0,,,4.0,,,,,,,,,,,,,3.0,3.0,3.0,,4.0,,,4.0,3.0,3.0,,,3.0,,,,,,,,
08.04.2020,3.0,4.0,3.0,4.0,,3.0,3.0,,3.0,,,3.0,,4.0,,,4.0,,,,,,,,,,,3.0,,3.0,3.0,3.0,3.0,3.0,,,4.0,3.0,3.0,,,3.0,,,,,,,,
09.04.2020,3.0,4.0,3.0,5.0,,3.0,4.0,3.0,,,,3.0,,3.0,3.0,,,,,,,,,,,,,,,3.0,3.0,3.0,3.0,3.0,,,4.0,3.0,3.0,,,3.0,,,,,,,,
10.04.2020,,4.0,3.0,4.0,2.0,3.0,3.0,,,,,4.0,,4.0,,,4.0,,,,,,,,,,,3.0,,3.0,,3.0,3.0,3.0,,,4.0,3.0,3.0,,,3.0,,,,,,,,
11.04.2020,,4.0,3.0,5.0,,3.0,3.0,3.0,,,,,,4.0,,,3.0,,,,,,,,,,,,,3.0,3.0,,3.0,3.0,,,,3.0,3.0,,,2.0,,,,,,,,
12.04.2020,3.0,4.0,3.0,5.0,,3.0,3.0,4.0,,,,4.0,,4.0,,,4.0,,,,,,,,,,,3.0,,3.0,3.0,,,3.0,,,4.0,3.0,,,,2.0,,,,,,,,
13.04.2020,3.0,3.0,3.0,5.0,,,3.0,4.0,3.0,,,4.0,,4.0,,,4.0,,,,,,,,,,,3.0,,3.0,3.0,3.0,3.0,3.0,,,4.0,3.0,3.0,,,3.0,,,,,,,,
14.04.2020,3.0,3.0,3.0,3.0,2.0,3.0,3.0,3.0,3.0,,,3.0,,4.0,3.0,,4.0,,,,,,,,,,,3.0,,3.0,3.0,3.0,3.0,3.0,,,,3.0,,,,2.0,,,,,,,,
15.04.2020,3.0,4.0,3.0,3.0,2.0,3.0,3.0,3.0,3.0,4.0,,3.0,,4.0,3.0,,4.0,,,,,,,,,,,,,3.0,3.0,3.0,3.0,3.0,3.0,,4.0,3.0,,,,3.0,,,,,,,,
16.04.2020,3.0,3.0,3.0,3.0,,3.0,3.0,,,,,3.0,,4.0,4.0,,3.0,,,,,,,,,,,,,3.0,3.0,3.0,3.0,3.0,3.0,,4.0,3.0,3.0,,,2.0,,,,,,,,
17.04.2020,3.0,3.0,3.0,3.0,,3.0,3.0,3.0,3.0,,,4.0,,4.0,3.0,,3.0,,,,,,,,,,,,,3.0,3.0,3.0,3.0,2.0,2.0,,4.0,3.0,,,,2.0,,,,,,,,
18.04.2020,,3.0,3.0,4.0,3.0,3.0,4.0,,3.0,,,,,4.0,,,4.0,,,,,,,,,,,,,3.0,,,3.0,,3.0,,4.0,3.0,3.0,,,2.0,,,,,,,,
19.04.2020,3.0,3.0,3.0,3.0,,3.0,3.0,3.0,2.0,,,4.0,,4.0,,,4.0,,,,,,,,,,,,,3.0,3.0,,3.0,4.0,,,,3.0,,,,2.0,,,,,,,,
20.04.2020,3.0,3.0,3.0,3.0,,3.0,3.0,4.0,2.0,,,4.0,,4.0,,,3.0,,,,,,,,,,,,,3.0,3.0,,3.0,2.0,3.0,,3.0,3.0,,,,3.0,,,,,,,,
21.04.2020,3.0,3.0,3.0,3.0,,3.0,3.0,,3.0,,,4.0,,5.0,,,4.0,,,,,,,,,,,,,3.0,2.0,,3.0,,,,4.0,3.0,3.0,,,3.0,,,,,,,,
22.04.2020,3.0,3.0,3.0,3.0,,3.0,3.0,4.0,3.0,3.0,,4.0,,4.0,,,5.0,,,,,,,,,,,,,3.0,3.0,,,2.0,,,4.0,3.0,3.0,,,4.0,,,,,,,,
23.04.2020,3.0,,3.0,3.0,,3.0,3.0,,3.0,3.0,,4.0,,3.0,3.0,,4.0,,,,,,,,,,,,,3.0,3.0,3.0,3.0,3.0,,,,3.0,3.0,,,3.0,,,,,,,,
24.04.2020,3.0,3.0,3.0,2.0,,3.0,4.0,,2.0,5.0,,3.0,,3.0,3.0,,4.0,,,,,,,,,,,3.0,,3.0,3.0,3.0,3.0,3.0,,,4.0,3.0,3.0,,,3.0,,,,,,,,
25.04.2020,3.0,3.0,3.0,4.0,,3.0,3.0,,,5.0,,5.0,,3.0,,,4.0,,,,,,,,,,,,,3.0,3.0,3.0,3.0,,,,4.0,3.0,3.0,,,3.0,,,,,,,,
26.04.2020,3.0,,3.0,2.0,,4.0,4.0,,2.0,,,5.0,,4.0,2.0,,5.0,,,,,,,,,,,,,3.0,3.0,3.0,3.0,3.0,,,4.0,3.0,,,,3.0,,,,,,,,
27.04.2020,3.0,3.0,3.0,2.0,,3.0,3.0,,,3.0,,4.0,,3.0,,,5.0,,,,,,,,,,,3.0,,3.0,,3.0,3.0,3.0,,,4.0,3.0,3.0,,,,,,,,,,,
28.04.2020,3.0,3.0,3.0,2.0,,3.0,3.0,,3.0,4.0,,4.0,,4.0,3.0,,4.0,,,,,,,,,,,3.0,,3.0,3.0,3.0,3.0,3.0,,,4.0,3.0,,,,3.0,,,,,,,,
29.04.2020,3.0,3.0,3.0,3.0,,3.0,3.0,,,5.0,,4.0,,4.0,2.0,,4.0,,,,,,,,,,,3.0,,3.0,3.0,3.0,3.0,3.0,,,5.0,3.0,,,,3.0,,,,,,,,
30.04.2020,,3.0,3.0,2.0,,3.0,3.0,,2.0,4.0,,2.0,,3.0,2.0,,4.0,,,,,,,,,,,3.0,,3.0,3.0,3.0,3.0,3.0,,,4.0,3.0,,,,3.0,,,,,,,,
01.05.2020,4.0,3.0,3.0,3.0,,3.0,3.0,,3.0,,,4.0,,3.0,,,4.0,,,,,,,,,,,3.0,,3.0,3.0,3.0,3.0,3.0,,,4.0,3.0,,,,3.0,,,,,,,,
02.05.2020,3.0,3.0,3.0,3.0,,3.0,3.0,,3.0,2.0,,4.0,,4.0,,,4.0,,,,,,,,,,,,,3.0,,,3.0,3.0,,,4.0,3.0,,,,3.0,,,,,,,,
03.05.2020,3.0,3.0,3.0,3.0,,3.0,4.0,,,,,4.0,,4.0,,,4.0,,,,,,,,,,,,,3.0,3.0,,3.0,3.0,,,4.0,3.0,,,,3.0,,,,,,,,
04.05.2020,3.0,3.0,3.0,2.0,3.0,3.0,3.0,,3.0,3.0,,4.0,,4.0,2.0,,5.0,,,,,,,,,,,,,3.0,2.0,,3.0,3.0,,,4.0,3.0,,,,,,,,,,,,
05.05.2020,3.0,3.0,3.0,2.0,3.0,3.0,3.0,3.0,,4.0,,4.0,,4.0,,,4.0,,,,,,,,,,,,,3.0,2.0,,3.0,3.0,,,4.0,3.0,,,,3.0,,,,,,,,
06.05.2020,3.0,3.0,3.0,2.0,,3.0,3.0,,2.0,1.0,,3.0,,3.0,,,4.0,,,,,,,,,,,,,3.0,2.0,,3.0,3.0,,,4.0,3.0,3.0,,,2.0,,,,,,,,
07.05.2020,3.0,3.0,3.0,2.0,,3.0,3.0,,,2.0,,,,4.0,3.0,,4.0,,,,,,,,,,,,,3.0,2.0,,3.0,3.0,,,4.0,3.0,,,,1.0,,,,,,,,
08.05.2020,3.0,3.0,3.0,2.0,3.0,3.0,3.0,,3.0,3.0,,4.0,,3.0,2.0,,4.0,,,,,,,,,,,,,3.0,2.0,,3.0,,,,4.0,3.0,,,,2.0,,,,,,,,
09.05.2020,3.0,3.0,3.0,2.0,,3.0,3.0,,3.0,4.0,,2.0,,4.0,,,4.0,,,,,,,,,,,,,3.0,2.0,,3.0,3.0,,,4.0,3.0,,,,2.0,,,,,,,,
10.05.2020,3.0,3.0,3.0,2.0,3.0,4.0,4.0,3.0,3.0,2.0,,4.0,,4.0,,,4.0,,,,,,,,,,,,,3.0,2.0,,3.0,3.0,,,4.0,3.0,,,,,,,,,,,,
11.05.2020,4.0,3.0,3.0,2.0,3.0,3.0,3.0,,3.0,,,1.0,3.0,3.0,3.0,,4.0,,,,,,,,,,,,,3.0,2.0,,,3.0,,,4.0,3.0,,,,2.0,,,,,,,,
12.05.2020,3.0,3.0,3.0,2.0,3.0,3.0,3.0,3.0,3.0,,,5.0,,3.0,2.0,,4.0,,,,,,,,,,,,,3.0,2.0,,3.0,,,,4.0,3.0,,,,,,,,,,,,
13.05.2020,3.0,3.0,3.0,2.0,3.0,3.0,3.0,3.0,2.0,,,2.0,,3.0,2.0,,4.0,,,,,,,,,,,,,3.0,,,,3.0,,,4.0,3.0,,,,,,,,,,,,
14.05.2020,3.0,3.0,3.0,4.0,,3.0,3.0,3.0,2.0,4.0,,4.0,,3.0,3.0,,4.0,,,,,,,,,,,,,3.0,2.0,,3.0,3.0,,,4.0,3.0,,,,2.0,,,,,,,,
15.05.2020,3.0,3.0,3.0,3.0,2.0,3.0,3.0,3.0,2.0,5.0,,5.0,,3.0,,,4.0,,,,,,,,,,,,,3.0,2.0,,3.0,3.0,,,,3.0,,,,2.0,,,,,,,,
16.05.2020,3.0,3.0,3.0,3.0,,3.0,3.0,,3.0,2.0,,,,4.0,2.0,,4.0,,,,,,,,,,,,,3.0,,,3.0,3.0,,,3.0,3.0,,,,,,,,,,,,
17.05.2020,3.0,3.0,3.0,3.0,,3.0,3.0,,4.0,3.0,,4.0,,3.0,,,,,,,,,,,,,,,,3.0,,,3.0,3.0,,,,,,,,,,,,,,,,
18.05.2020,3.0,3.0,3.0,3.0,2.0,3.0,2.0,3.0,3.0,3.0,,4.0,,3.0,2.0,,4.0,,,,,,,,,,,,,3.0,,,,3.0,,,4.0,3.0,4.0,,,,,,,,,,,
19.05.2020,3.0,3.0,3.0,3.0,,3.0,3.0,3.0,3.0,3.0,,2.0,3.0,3.0,,,4.0,,,,,,,,,,,3.0,,3.0,2.0,3.0,3.0,3.0,3.0,,4.0,3.0,3.0,,,,,,,,,,,
20.05.2020,3.0,3.0,3.0,3.0,,4.0,3.0,,3.0,,,5.0,,3.0,,,4.0,,,,,,,,,,,3.0,,3.0,2.0,3.0,3.0,3.0,3.0,,4.0,3.0,3.0,,,,,,,,,,,
21.05.2020,4.0,3.0,3.0,3.0,3.0,3.0,4.0,,3.0,,,5.0,,4.0,,,4.0,,,,,,,,,,,3.0,,3.0,3.0,3.0,3.0,3.0,2.0,,4.0,3.0,3.0,,,,,,,,,,,
22.05.2020,4.0,3.0,3.0,3.0,3.0,3.0,3.0,,3.0,,,5.0,,3.0,,,4.0,,,,,,,,,,,3.0,,3.0,3.0,3.0,3.0,3.0,2.0,,4.0,2.0,3.0,,,,,,,,,,,
23.05.2020,3.0,3.0,3.0,3.0,3.0,3.0,3.0,3.0,3.0,4.0,,5.0,,4.0,4.0,,4.0,,,,,,,,,,,3.0,,3.0,3.0,3.0,3.0,3.0,,,5.0,3.0,3.0,,,,,,,,,,,
24.05.2020,3.0,3.0,3.0,2.0,,3.0,3.0,3.0,3.0,5.0,,5.0,4.0,5.0,4.0,,4.0,,,,,,,,,,,3.0,,3.0,,,3.0,3.0,3.0,,4.0,3.0,,,,,,,,,,,,
25.05.2020,4.0,3.0,3.0,2.0,1.0,3.0,3.0,3.0,4.0,2.0,,2.0,,3.0,3.0,,4.0,,,,,,,,,,,3.0,,3.0,,3.0,3.0,3.0,2.0,,5.0,3.0,3.0,,,,,,,,,,,
26.05.2020,3.0,3.0,3.0,1.0,2.0,3.0,3.0,3.0,4.0,4.0,,5.0,2.0,3.0,2.0,,4.0,,,,,,,,,,,3.0,,3.0,,3.0,3.0,2.0,2.0,,5.0,3.0,2.0,,,,,,,,,,,
27.05.2020,3.0,3.0,3.0,2.0,2.0,3.0,3.0,3.0,3.0,5.0,,5.0,3.0,4.0,1.0,,4.0,,,,,,,,,,,3.0,,3.0,,3.0,3.0,3.0,,,4.0,3.0,,,,,,,,,,,,
28.05.2020,3.0,3.0,3.0,2.0,2.0,3.0,3.0,3.0,3.0,5.0,,5.0,3.0,2.0,3.0,,4.0,,,,,,,,,,,3.0,,3.0,,3.0,3.0,2.0,3.0,,5.0,3.0,3.0,,,,,,,,,,,
29.05.2020,3.0,,3.0,2.0,2.0,3.0,3.0,3.0,4.0,3.0,,5.0,3.0,3.0,3.0,,4.0,,,,,,,,,,,3.0,,3.0,,3.0,3.0,3.0,2.0,,4.0,3.0,3.0,,,,,,,,,,,
30.05.2020,3.0,3.0,3.0,4.0,,3.0,4.0,3.0,3.0,4.0,,5.0,,3.0,3.0,,3.0,,,,,,,,,,,3.0,,3.0,,3.0,3.0,,,,4.0,3.0,,,,,,,,,,,,
31.05.2020,,4.0,3.0,4.0,2.0,3.0,3.0,3.0,3.0,4.0,,5.0,,5.0,3.0,,,,,,,,,,,,,3.0,,3.0,,3.0,,3.0,3.0,,4.0,3.0,,,,,,,,,,,,
01.06.2020,3.0,4.0,3.0,4.0,,3.0,3.0,3.0,4.0,4.0,,5.0,4.0,4.0,3.0,,4.0,,,,,,,,,,,3.0,,3.0,,3.0,3.0,3.0,3.0,,5.0,2.0,3.0,,,,,,,,,,,
02.06.2020,3.0,4.0,3.0,4.0,3.0,3.0,3.0,3.0,4.0,,,4.0,4.0,3.0,2.0,,4.0,,,,,,,,,,,3.0,,3.0,,3.0,3.0,3.0,3.0,,4.0,2.0,3.0,,,,,,,,,,,
03.06.2020,3.0,4.0,3.0,4.0,3.0,4.0,3.0,3.0,4.0,5.0,,3.0,4.0,3.0,2.0,,4.0,,,,,,,,,,,3.0,,3.0,,3.0,3.0,3.0,3.0,,4.0,2.0,3.0,,,,,,,,,,,
04.06.2020,4.0,4.0,3.0,4.0,3.0,3.0,4.0,,4.0,3.0,,2.0,4.0,3.0,,,4.0,,,,,,,,,,,3.0,,3.0,,3.0,3.0,3.0,3.0,,4.0,3.0,3.0,,,,,,,,,,,
05.06.2020,3.0,4.0,3.0,4.0,,3.0,3.0,,3.0,,,5.0,3.0,3.0,4.0,,4.0,,,,,,,,,,,3.0,,3.0,,3.0,3.0,3.0,3.0,,5.0,3.0,3.0,,,,,,,,,,,
06.06.2020,3.0,4.0,3.0,4.0,3.0,3.0,3.0,,4.0,5.0,,5.0,5.0,3.0,3.0,,4.0,,,,,,,,,,,3.0,,3.0,,3.0,3.0,3.0,,,4.0,3.0,3.0,,,,,,,,,,,
07.06.2020,4.0,4.0,3.0,4.0,3.0,3.0,4.0,,4.0,5.0,,4.0,4.0,3.0,4.0,,4.0,,,,,,,,,,,3.0,,3.0,,3.0,,3.0,3.0,,4.0,3.0,,,,,,,,,,,,
08.06.2020,2.0,3.0,3.0,4.0,3.0,3.0,3.0,,4.0,4.0,,4.0,,3.0,2.0,,4.0,,,,,,,,,,,3.0,,3.0,,3.0,3.0,3.0,3.0,,4.0,2.0,3.0,,,,,,,,,,,
09.06.2020,3.0,3.0,3.0,4.0,,3.0,3.0,,4.0,5.0,,4.0,4.0,3.0,3.0,,4.0,,,,,,,,,,,2.0,,3.0,,3.0,3.0,3.0,3.0,,5.0,2.0,3.0,,,,,,,,,,,
10.06.2020,3.0,3.0,3.0,4.0,,3.0,3.0,,4.0,4.0,,5.0,4.0,3.0,2.0,3.0,4.0,,,,,,,,,,,3.0,,3.0,,3.0,3.0,2.0,3.0,,5.0,2.0,3.0,,,,,,,,,,,
11.06.2020,3.0,3.0,3.0,4.0,2.0,3.0,3.0,,3.0,4.0,,5.0,2.0,4.0,4.0,3.0,4.0,,,,,,,,,,,2.0,,3.0,,3.0,3.0,3.0,2.0,,5.0,3.0,3.0,,,,,,,,,,,
12.06.2020,3.0,4.0,3.0,4.0,3.0,3.0,3.0,,3.0,4.0,,5.0,4.0,4.0,4.0,3.0,4.0,,,,,,,,,,,2.0,,3.0,,3.0,3.0,3.0,2.0,,5.0,3.0,,,,,,,,,,,,
13.06.2020,4.0,4.0,3.0,4.0,3.0,3.0,3.0,,4.0,4.0,,5.0,2.0,3.0,3.0,3.0,4.0,,,,,,,,,,,2.0,,3.0,,3.0,3.0,3.0,,,5.0,3.0,3.0,,,,,,,,,,,
14.06.2020,4.0,3.0,3.0,4.0,1.0,3.0,3.0,,4.0,5.0,,5.0,3.0,3.0,4.0,3.0,4.0,4.0,,,,,,,,,,2.0,,3.0,,,3.0,3.0,,,3.0,3.0,,,,,,,,,,,,
15.06.2020,,4.0,3.0,4.0,2.0,3.0,3.0,,4.0,3.0,,5.0,,4.0,3.0,3.0,4.0,4.0,,,,,,,,,,2.0,,3.0,,3.0,3.0,3.0,3.0,,4.0,3.0,3.0,,,,,,,,,,,
16.06.2020,3.0,3.0,3.0,4.0,,3.0,3.0,,4.0,3.0,,5.0,,3.0,4.0,3.0,4.0,4.0,,,,,,,,,,2.0,,3.0,,3.0,3.0,3.0,3.0,,3.0,3.0,3.0,,,,,,,,,,,
17.06.2020,3.0,3.0,3.0,4.0,,4.0,3.0,,4.0,3.0,,5.0,,3.0,4.0,3.0,4.0,4.0,,,,,,,,,,3.0,,3.0,,3.0,3.0,3.0,3.0,,3.0,3.0,3.0,,,,,,,,,,,
18.06.2020,4.0,3.0,3.0,4.0,,3.0,3.0,,4.0,3.0,,5.0,,3.0,4.0,4.0,4.0,4.0,,,,,,,,,,3.0,,3.0,,3.0,3.0,3.0,3.0,,3.0,3.0,3.0,,,,,,,,,,,
19.06.2020,,3.0,3.0,4.0,2.0,3.0,3.0,,3.0,3.0,,5.0,,3.0,4.0,3.0,4.0,4.0,,,,,,,,,,2.0,,3.0,,3.0,3.0,3.0,3.0,,3.0,3.0,3.0,,,,,,,,,,,
20.06.2020,3.0,3.0,3.0,4.0,2.0,3.0,3.0,,2.0,4.0,,4.0,,3.0,2.0,3.0,4.0,4.0,,,,,,,,,,2.0,,3.0,,3.0,,3.0,,,,3.0,,,,,,,,,,,,
21.06.2020,4.0,3.0,3.0,4.0,,4.0,4.0,,3.0,5.0,,5.0,,3.0,3.0,3.0,4.0,4.0,,,,,,,,,,2.0,,3.0,,3.0,,3.0,3.0,,3.0,3.0,,,,,,,,,,,,
22.06.2020,4.0,4.0,3.0,4.0,3.0,3.0,3.0,,3.0,4.0,,5.0,3.0,2.0,3.0,3.0,4.0,4.0,5.0,,,,,,,,,3.0,,3.0,,,3.0,3.0,3.0,,3.0,3.0,3.0,,,,,,,,,,,
23.06.2020,4.0,4.0,3.0,4.0,,3.0,3.0,,4.0,3.0,,5.0,,,2.0,3.0,4.0,4.0,3.0,,,,,,,,,3.0,,3.0,,3.0,3.0,3.0,2.0,,4.0,3.0,3.0,,,,,,,,,,,
24.06.2020,4.0,4.0,3.0,4.0,2.0,3.0,3.0,,3.0,2.0,,,,3.0,3.0,3.0,4.0,4.0,3.0,,,,,,,,,3.0,,3.0,,3.0,3.0,3.0,3.0,,3.0,3.0,3.0,,,,,,,,,,,
25.06.2020,3.0,4.0,3.0,4.0,3.0,3.0,3.0,,3.0,3.0,,5.0,,4.0,4.0,4.0,4.0,4.0,4.0,3.0,,,,,,,,3.0,,3.0,,3.0,3.0,3.0,3.0,,3.0,3.0,3.0,,,,,,,,,,,
26.06.2020,3.0,4.0,3.0,4.0,3.0,3.0,3.0,,3.0,4.0,,4.0,,3.0,2.0,3.0,4.0,4.0,3.0,3.0,,,,,,,,3.0,,3.0,,3.0,,3.0,3.0,,,3.0,,,,,,,,,,,,
27.06.2020,4.0,3.0,3.0,4.0,3.0,3.0,3.0,,2.0,,,3.0,,3.0,4.0,,4.0,4.0,2.0,3.0,,,,,,,,3.0,,3.0,,3.0,3.0,3.0,3.0,,3.0,3.0,,,,,,,,,,,,
28.06.2020,3.0,2.0,3.0,4.0,3.0,3.0,4.0,,3.0,2.0,,5.0,,3.0,4.0,2.0,4.0,4.0,2.0,4.0,,,,,,,,3.0,,3.0,,3.0,3.0,3.0,3.0,,3.0,3.0,,,,,,,,,,,,
29.06.2020,3.0,4.0,3.0,4.0,,4.0,3.0,,3.0,3.0,,4.0,,3.0,3.0,3.0,4.0,4.0,3.0,3.0,,,,,,,,3.0,,3.0,,3.0,3.0,3.0,3.0,,3.0,3.0,,,,,,,,,,,,
30.06.2020,,2.0,3.0,4.0,,4.0,3.0,,3.0,3.0,,5.0,,,2.0,3.0,4.0,4.0,3.0,3.0,,,,,,,,3.0,,3.0,,3.0,3.0,3.0,3.0,,3.0,3.0,,,,,,,,,,,,
01.07.2020,3.0,2.0,3.0,2.0,,3.0,3.0,,3.0,5.0,,4.0,,3.0,1.0,4.0,4.0,,2.0,3.0,,,,,,,,3.0,,3.0,,,3.0,4.0,3.0,,3.0,3.0,,,,,,,,,,,,
02.07.2020,3.0,2.0,3.0,3.0,,4.0,3.0,,3.0,3.0,,4.0,,3.0,2.0,3.0,4.0,4.0,2.0,4.0,,,,,,,,3.0,,3.0,,3.0,3.0,3.0,,,3.0,3.0,,,,,,,,,,,,
03.07.2020,3.0,,3.0,4.0,3.0,4.0,3.0,,,3.0,,3.0,,3.0,2.0,3.0,4.0,4.0,3.0,3.0,,,,,,,,3.0,,3.0,,3.0,,3.0,2.0,,3.0,3.0,,,,,,,,,,,,
04.07.2020,3.0,3.0,3.0,4.0,3.0,4.0,3.0,,3.0,,,4.0,,3.0,2.0,3.0,4.0,4.0,,3.0,,,,,,,,3.0,,3.0,,3.0,3.0,2.0,2.0,,,3.0,,,,,,,,,,,,
05.07.2020,,3.0,3.0,4.0,,4.0,4.0,,4.0,5.0,,2.0,,3.0,,3.0,4.0,3.0,2.0,,,,,,,,,3.0,,3.0,,3.0,,3.0,,,3.0,3.0,,,,,,,,,,,,
06.07.2020,4.0,2.0,3.0,4.0,3.0,4.0,3.0,,2.0,4.0,,3.0,,4.0,3.0,3.0,4.0,4.0,3.0,3.0,4.0,,,,,,,3.0,,3.0,,3.0,3.0,3.0,2.0,,3.0,3.0,,,,,,,,,,,,
07.07.2020,,3.0,3.0,4.0,3.0,4.0,3.0,,3.0,3.0,,4.0,,3.0,4.0,3.0,4.0,4.0,3.0,4.0,4.0,,,,,,,3.0,,3.0,,3.0,3.0,2.0,3.0,,3.0,3.0,3.0,,,,,,,,,,,
08.07.2020,3.0,3.0,3.0,4.0,3.0,4.0,3.0,,,4.0,,3.0,,3.0,2.0,3.0,4.0,4.0,3.0,3.0,3.0,,,,,,,3.0,,3.0,,3.0,3.0,2.0,,,3.0,3.0,3.0,,,,,,,,,,,
09.07.2020,3.0,3.0,3.0,4.0,,3.0,3.0,,2.0,4.0,,4.0,,3.0,4.0,3.0,4.0,4.0,3.0,4.0,3.0,,,,,,,3.0,,3.0,,3.0,3.0,3.0,,,3.0,3.0,,,,,,,,,,,,
10.07.2020,4.0,3.0,3.0,4.0,,4.0,3.0,,2.0,3.0,,4.0,,3.0,2.0,3.0,4.0,4.0,3.0,4.0,3.0,,,,,,,3.0,,3.0,,3.0,3.0,3.0,,,3.0,3.0,,,,,,,,,,,,
11.07.2020,3.0,3.0,3.0,4.0,3.0,4.0,3.0,,3.0,,,4.0,,3.0,2.0,4.0,4.0,4.0,2.0,3.0,4.0,,,,,,,3.0,,3.0,,3.0,3.0,2.0,2.0,,3.0,3.0,,,,,,,,,,,,
12.07.2020,3.0,3.0,3.0,4.0,,4.0,3.0,,3.0,,,5.0,,3.0,3.0,,4.0,4.0,2.0,3.0,5.0,,,,,,,3.0,,3.0,,3.0,,3.0,,,3.0,3.0,,,,,,,,,,,,
13.07.2020,3.0,3.0,3.0,4.0,,4.0,4.0,,,,,4.0,,3.0,2.0,3.0,4.0,4.0,3.0,4.0,3.0,,,,,,,3.0,,3.0,,3.0,,3.0,3.0,,3.0,,,,,,,,,,,,,
14.07.2020,3.0,3.0,3.0,4.0,3.0,4.0,3.0,,2.0,3.0,,4.0,,3.0,2.0,4.0,,4.0,2.0,4.0,4.0,,,,,,,3.0,,3.0,,3.0,3.0,3.0,2.0,,3.0,3.0,,,,,,,,,,,,
15.07.2020,3.0,3.0,3.0,4.0,3.0,4.0,3.0,,,,,4.0,,3.0,2.0,3.0,,4.0,3.0,4.0,3.0,,,,,,,3.0,,3.0,,3.0,3.0,3.0,,,3.0,3.0,,,,,,,,,,,,
16.07.2020,3.0,2.0,3.0,4.0,,4.0,3.0,,2.0,,,4.0,,3.0,3.0,3.0,,3.0,3.0,4.0,4.0,,,,,,,3.0,,3.0,,,3.0,3.0,,,3.0,3.0,,,,,,,,,,,,
17.07.2020,4.0,2.0,3.0,4.0,,4.0,3.0,,,3.0,,4.0,,4.0,3.0,3.0,,4.0,4.0,4.0,4.0,,,,,,,3.0,,3.0,,3.0,3.0,3.0,3.0,,3.0,3.0,3.0,,,,,,,,,,,
18.07.2020,3.0,3.0,3.0,4.0,,4.0,3.0,,3.0,3.0,,4.0,,4.0,2.0,3.0,,3.0,3.0,4.0,4.0,,,,,,,3.0,,3.0,,3.0,3.0,3.0,3.0,,3.0,3.0,3.0,,,,,,,,,,,
19.07.2020,,2.0,3.0,4.0,,4.0,3.0,,2.0,4.0,,4.0,,3.0,,,,4.0,3.0,4.0,,,,,,,,,,3.0,,3.0,3.0,2.0,,,3.0,3.0,3.0,,,,,,,,,,,
20.07.2020,3.0,3.0,3.0,4.0,,4.0,3.0,,3.0,3.0,,4.0,,3.0,2.0,3.0,4.0,4.0,2.0,3.0,5.0,,,,,,,3.0,,3.0,,3.0,3.0,2.0,3.0,,3.0,3.0,3.0,3.0,,,,,,,,,,
21.07.2020,3.0,3.0,3.0,4.0,2.0,,3.0,,3.0,3.0,,3.0,,3.0,2.0,3.0,4.0,3.0,3.0,4.0,,,,,,,,3.0,,3.0,,3.0,3.0,2.0,3.0,,,3.0,3.0,3.0,,,,,,,,,,
22.07.2020,,2.0,3.0,4.0,1.0,4.0,3.0,,3.0,,,3.0,,3.0,3.0,3.0,4.0,,2.0,4.0,4.0,,,,,,,3.0,,3.0,,3.0,3.0,2.0,3.0,,3.0,3.0,3.0,3.0,,,,,,,,,,
23.07.2020,4.0,3.0,3.0,4.0,,4.0,4.0,,,,,2.0,,3.0,2.0,3.0,4.0,4.0,3.0,3.0,4.0,,,,,,,3.0,,3.0,,3.0,3.0,2.0,2.0,,3.0,3.0,3.0,3.0,,,,,,,,,,
24.07.2020,3.0,3.0,3.0,4.0,2.0,4.0,3.0,,3.0,,,3.0,,3.0,2.0,,4.0,4.0,,4.0,4.0,,,,,,,3.0,,3.0,,3.0,3.0,2.0,3.0,,3.0,3.0,3.0,3.0,,,,,,,,,,
25.07.2020,3.0,3.0,3.0,4.0,2.0,4.0,3.0,,3.0,,,4.0,,3.0,2.0,3.0,4.0,4.0,3.0,4.0,4.0,,,,,,,,,3.0,,3.0,,4.0,,,3.0,3.0,,,,,,,,,,,,
26.07.2020,3.0,3.0,3.0,4.0,,4.0,3.0,,3.0,4.0,,4.0,,3.0,,,4.0,4.0,3.0,4.0,3.0,,,,,,,3.0,,3.0,,3.0,,3.0,,,3.0,3.0,,,,,,,,,,,,
27.07.2020,3.0,3.0,3.0,4.0,2.0,4.0,4.0,,3.0,3.0,,4.0,,3.0,1.0,,4.0,4.0,3.0,4.0,3.0,,,,,,,3.0,,3.0,,3.0,3.0,3.0,,,3.0,3.0,3.0,3.0,,,,,,,,,,
28.07.2020,,2.0,3.0,4.0,,4.0,3.0,,3.0,2.0,,4.0,3.0,3.0,3.0,,4.0,4.0,2.0,4.0,,,,,,,,3.0,,3.0,,3.0,3.0,3.0,3.0,,3.0,3.0,3.0,3.0,,,,,,,,,,
29.07.2020,3.0,3.0,3.0,4.0,2.0,4.0,3.0,,3.0,3.0,,4.0,3.0,3.0,3.0,3.0,4.0,4.0,,,4.0,2.0,,,,,,3.0,,3.0,,3.0,3.0,3.0,,,3.0,3.0,3.0,3.0,,,,,,,,,,
30.07.2020,3.0,3.0,3.0,4.0,2.0,4.0,3.0,,3.0,3.0,4.0,4.0,3.0,3.0,3.0,3.0,4.0,3.0,3.0,4.0,4.0,3.0,,,,,,3.0,,3.0,,3.0,3.0,3.0,,,3.0,3.0,,3.0,,,,,,,,,,
31.07.2020,3.0,3.0,3.0,4.0,2.0,4.0,4.0,,3.0,3.0,,4.0,2.0,2.0,3.0,3.0,4.0,,3.0,4.0,4.0,3.0,,,,,,3.0,,3.0,,3.0,3.0,3.0,3.0,,3.0,3.0,3.0,3.0,,,,,,,,,,
01.08.2020,3.0,,3.0,4.0,2.0,4.0,4.0,,3.0,4.0,3.0,4.0,,4.0,2.0,4.0,4.0,4.0,3.0,4.0,4.0,3.0,,,,,,3.0,,3.0,,3.0,3.0,3.0,,,3.0,3.0,3.0,,,,,,,,,,,
02.08.2020,3.0,3.0,3.0,4.0,,4.0,3.0,,3.0,3.0,3.0,4.0,4.0,3.0,1.0,3.0,4.0,4.0,2.0,4.0,3.0,3.0,,,,,,3.0,,3.0,,3.0,3.0,3.0,3.0,,3.0,3.0,3.0,3.0,,,,,,,,,,
03.08.2020,3.0,2.0,3.0,4.0,2.0,4.0,3.0,,3.0,3.0,3.0,4.0,4.0,3.0,3.0,3.0,4.0,4.0,3.0,4.0,4.0,3.0,,,,,,3.0,,3.0,,3.0,3.0,3.0,3.0,,3.0,3.0,3.0,3.0,,,,,,,,,,
04.08.2020,3.0,3.0,3.0,4.0,2.0,4.0,3.0,,3.0,4.0,3.0,4.0,,3.0,3.0,3.0,4.0,4.0,4.0,4.0,3.0,3.0,,,,,,3.0,,3.0,,3.0,3.0,3.0,3.0,,3.0,3.0,3.0,3.0,,,,,,,,,,
05.08.2020,3.0,3.0,3.0,4.0,2.0,4.0,3.0,,3.0,2.0,,4.0,3.0,3.0,3.0,3.0,4.0,4.0,3.0,4.0,4.0,4.0,,,,,,3.0,,3.0,,3.0,3.0,3.0,,,3.0,3.0,3.0,3.0,,,,,,,,,,
06.08.2020,3.0,3.0,3.0,4.0,2.0,4.0,3.0,,3.0,3.0,,4.0,,3.0,2.0,4.0,4.0,,2.0,3.0,3.0,3.0,,,,,,3.0,,3.0,,3.0,3.0,3.0,3.0,,3.0,3.0,3.0,3.0,,,,,,,,,,
07.08.2020,3.0,3.0,3.0,4.0,2.0,4.0,3.0,,3.0,,3.0,4.0,,3.0,3.0,4.0,4.0,4.0,2.0,4.0,2.0,3.0,,,,,,3.0,,3.0,,3.0,3.0,3.0,3.0,,3.0,3.0,3.0,3.0,,,,,,,,,,
08.08.2020,3.0,2.0,3.0,4.0,1.0,4.0,3.0,,2.0,,3.0,4.0,3.0,3.0,3.0,3.0,4.0,4.0,3.0,3.0,2.0,2.0,,,,,,3.0,,3.0,,3.0,,3.0,,,3.0,3.0,3.0,,,,,,,,,,,
09.08.2020,,3.0,3.0,4.0,2.0,4.0,3.0,,3.0,,,4.0,,3.0,3.0,3.0,,,3.0,4.0,2.0,3.0,,,,,,3.0,,3.0,,3.0,3.0,3.0,,,3.0,3.0,3.0,3.0,,,,,,,,,,
10.08.2020,3.0,3.0,3.0,4.0,1.0,4.0,3.0,,3.0,,4.0,4.0,,3.0,3.0,3.0,4.0,4.0,2.0,4.0,2.0,2.0,,,,,,3.0,,3.0,,3.0,4.0,3.0,3.0,,3.0,3.0,3.0,3.0,,3.0,,,,,,,,
11.08.2020,3.0,3.0,3.0,4.0,1.0,4.0,3.0,,3.0,2.0,,4.0,3.0,,2.0,3.0,4.0,4.0,3.0,4.0,2.0,4.0,,,,,,3.0,,3.0,,3.0,3.0,3.0,,,3.0,3.0,3.0,3.0,,3.0,,,,,,,,
12.08.2020,4.0,2.0,3.0,4.0,1.0,4.0,3.0,,3.0,4.0,,5.0,,3.0,1.0,4.0,4.0,4.0,2.0,3.0,2.0,3.0,,,,,,3.0,,3.0,,3.0,3.0,2.0,3.0,,3.0,3.0,3.0,3.0,,3.0,,,,,,,,
13.08.2020,3.0,3.0,3.0,4.0,2.0,4.0,3.0,,3.0,3.0,,4.0,,3.0,2.0,3.0,4.0,4.0,2.0,4.0,2.0,3.0,,,,,,3.0,,3.0,,3.0,3.0,2.0,,,3.0,3.0,3.0,3.0,,3.0,,,,,,,,
14.08.2020,3.0,3.0,3.0,4.0,2.0,4.0,3.0,,3.0,4.0,,4.0,,3.0,2.0,3.0,4.0,4.0,4.0,3.0,3.0,4.0,,,,,,3.0,,3.0,,3.0,3.0,3.0,3.0,,3.0,3.0,3.0,3.0,,3.0,,,,,,,,
15.08.2020,3.0,3.0,3.0,4.0,2.0,4.0,3.0,,3.0,4.0,,4.0,,3.0,2.0,2.0,4.0,4.0,3.0,4.0,3.0,,,,,,,3.0,,3.0,,3.0,3.0,2.0,2.0,,3.0,3.0,3.0,3.0,,3.0,,,,,,,,
16.08.2020,3.0,,3.0,4.0,2.0,4.0,3.0,,2.0,3.0,,4.0,,4.0,1.0,3.0,4.0,4.0,2.0,,,3.0,,,,,,3.0,,3.0,,3.0,3.0,2.0,2.0,,3.0,3.0,3.0,3.0,,3.0,,,,,,,,
17.08.2020,,3.0,3.0,4.0,2.0,4.0,3.0,,3.0,4.0,,3.0,3.0,1.0,,3.0,4.0,4.0,3.0,4.0,2.0,2.0,,,,,,3.0,,3.0,,3.0,3.0,1.0,,,3.0,3.0,3.0,,,4.0,,,,,,,,
18.08.2020,3.0,,3.0,4.0,2.0,4.0,3.0,,3.0,4.0,,4.0,,2.0,3.0,3.0,,3.0,,4.0,3.0,4.0,,,,,,3.0,,3.0,,3.0,3.0,2.0,,,3.0,3.0,3.0,3.0,,3.0,,,,,,,,
19.08.2020,3.0,3.0,3.0,3.0,2.0,4.0,,,3.0,3.0,,3.0,,2.0,3.0,3.0,5.0,3.0,2.0,3.0,3.0,,,,,,,3.0,,3.0,,3.0,3.0,2.0,,,3.0,3.0,3.0,3.0,,3.0,,,,,,,,
20.08.2020,3.0,3.0,3.0,3.0,3.0,4.0,3.0,,3.0,4.0,,4.0,,2.0,,3.0,4.0,3.0,2.0,3.0,2.0,5.0,,,,,,3.0,,3.0,,3.0,3.0,2.0,,,3.0,3.0,3.0,3.0,,2.0,,,,,,,,
21.08.2020,,,3.0,3.0,,4.0,3.0,,2.0,3.0,,4.0,,2.0,2.0,3.0,4.0,3.0,2.0,3.0,,4.0,,,,,,3.0,,3.0,,3.0,3.0,2.0,3.0,,3.0,2.0,3.0,3.0,,2.0,,,,,,,,
22.08.2020,3.0,3.0,3.0,4.0,2.0,4.0,3.0,,2.0,3.0,,4.0,,2.0,2.0,3.0,5.0,3.0,2.0,3.0,4.0,3.0,,,,,,3.0,,3.0,,3.0,3.0,2.0,3.0,,3.0,3.0,,,,3.0,,,,,,,,
23.08.2020,3.0,3.0,3.0,3.0,3.0,4.0,3.0,,3.0,,,4.0,,2.0,4.0,3.0,5.0,3.0,3.0,,3.0,3.0,,,,,,3.0,,3.0,,3.0,3.0,3.0,,,3.0,3.0,,,,,,,,,,,,
24.08.2020,3.0,3.0,3.0,3.0,2.0,3.0,,,3.0,4.0,,4.0,,2.0,3.0,,4.0,3.0,2.0,3.0,3.0,3.0,,,,,,3.0,,3.0,,3.0,3.0,3.0,,,3.0,,3.0,3.0,,3.0,,,,,,,,
25.08.2020,3.0,3.0,3.0,3.0,2.0,3.0,3.0,,3.0,3.0,,2.0,,2.0,,3.0,4.0,3.0,2.0,3.0,3.0,3.0,,,,,,3.0,,3.0,,3.0,3.0,3.0,,,3.0,3.0,3.0,3.0,,2.0,,,,,,,,
26.08.2020,3.0,3.0,3.0,2.0,2.0,3.0,3.0,,3.0,,,4.0,,2.0,2.0,3.0,,4.0,2.0,3.0,3.0,4.0,,,,,,3.0,,3.0,,3.0,3.0,3.0,,,3.0,3.0,3.0,,,3.0,,,,,,,,
27.08.2020,3.0,3.0,3.0,4.0,2.0,3.0,3.0,,,4.0,,4.0,4.0,2.0,,4.0,4.0,3.0,2.0,,3.0,3.0,,,,,,3.0,,,,3.0,3.0,3.0,,,3.0,3.0,,3.0,,2.0,,,,,,,,
28.08.2020,3.0,3.0,3.0,3.0,2.0,3.0,3.0,,3.0,4.0,,4.0,3.0,2.0,4.0,3.0,4.0,4.0,2.0,5.0,3.0,4.0,,,,,,3.0,,3.0,,3.0,3.0,,,,,3.0,,,,2.0,,,,,,,,
29.08.2020,3.0,3.0,3.0,3.0,2.0,3.0,3.0,,3.0,,,4.0,3.0,3.0,2.0,,4.0,4.0,2.0,4.0,4.0,3.0,,,,,,3.0,,3.0,,3.0,3.0,3.0,,,4.0,3.0,,3.0,,2.0,,,,,,,,
30.08.2020,3.0,3.0,3.0,3.0,2.0,4.0,,,,4.0,,4.0,,3.0,2.0,,4.0,,2.0,3.0,3.0,3.0,,,,,,3.0,,3.0,,3.0,3.0,3.0,,,3.0,3.0,,3.0,,3.0,,,,,,,,
31.08.2020,3.0,3.0,3.0,3.0,2.0,3.0,3.0,,,4.0,,3.0,,2.0,2.0,,4.0,2.0,2.0,,3.0,3.0,,,,,,3.0,,,,3.0,3.0,,,,3.0,3.0,,,,3.0,,,,,,,,
01.09.2020,3.0,3.0,3.0,3.0,3.0,3.0,,,4.0,5.0,,4.0,2.0,4.0,4.0,,4.0,4.0,2.0,3.0,3.0,3.0,,,,,,3.0,,3.0,,3.0,3.0,3.0,,,3.0,3.0,,,,3.0,,,,,,,,
02.09.2020,3.0,,3.0,3.0,2.0,3.0,,,3.0,3.0,,4.0,3.0,3.0,3.0,,4.0,3.0,2.0,3.0,3.0,3.0,,,,,,3.0,,3.0,,3.0,3.0,2.0,,,3.0,3.0,3.0,3.0,,4.0,,,,,,,,
03.09.2020,3.0,3.0,3.0,3.0,2.0,3.0,,,3.0,3.0,4.0,3.0,3.0,3.0,2.0,4.0,4.0,3.0,2.0,3.0,3.0,2.0,,,,,,,,3.0,,3.0,3.0,3.0,,,3.0,3.0,3.0,3.0,,3.0,,,,,,,,
04.09.2020,3.0,3.0,3.0,3.0,2.0,3.0,3.0,,3.0,3.0,5.0,4.0,,3.0,3.0,4.0,2.0,3.0,3.0,3.0,3.0,3.0,,,,,,3.0,,3.0,,3.0,3.0,2.0,,,3.0,3.0,3.0,3.0,,3.0,,,,,,,,
05.09.2020,3.0,3.0,3.0,4.0,2.0,3.0,3.0,,2.0,4.0,4.0,4.0,,3.0,2.0,4.0,,3.0,2.0,3.0,3.0,2.0,,,,,,3.0,,3.0,,3.0,3.0,2.0,,,3.0,3.0,,3.0,,3.0,,,,,,,,
06.09.2020,3.0,3.0,3.0,3.0,2.0,4.0,3.0,,2.0,3.0,,4.0,,4.0,4.0,4.0,4.0,4.0,2.0,3.0,3.0,,,,,,,3.0,,3.0,,,3.0,4.0,,,3.0,3.0,,3.0,,,,,,,,,,
07.09.2020,3.0,3.0,3.0,3.0,2.0,4.0,,,2.0,5.0,4.0,4.0,,3.0,2.0,4.0,4.0,3.0,2.0,3.0,3.0,3.0,,,,,,3.0,,3.0,,3.0,3.0,2.0,,,3.0,3.0,3.0,3.0,,4.0,,,,,,,,
08.09.2020,,3.0,3.0,3.0,2.0,3.0,3.0,,2.0,2.0,3.0,4.0,4.0,3.0,2.0,4.0,4.0,3.0,2.0,,3.0,3.0,,,,,,3.0,,3.0,,3.0,3.0,3.0,,,3.0,3.0,3.0,3.0,,4.0,,,,,,,,
09.09.2020,3.0,3.0,3.0,3.0,2.0,3.0,3.0,,3.0,4.0,3.0,4.0,,3.0,3.0,3.0,4.0,3.0,2.0,3.0,4.0,3.0,,,,,,3.0,,3.0,,3.0,,2.0,,,3.0,3.0,,,,4.0,,,,,,,,
10.09.2020,3.0,,3.0,2.0,2.0,4.0,3.0,,3.0,5.0,4.0,4.0,3.0,3.0,,3.0,,4.0,2.0,4.0,4.0,4.0,,,,,,,,3.0,,3.0,3.0,,,,,3.0,3.0,3.0,,3.0,,,,,,,,
11.09.2020,3.0,3.0,3.0,3.0,2.0,4.0,3.0,,3.0,4.0,4.0,4.0,4.0,4.0,4.0,4.0,4.0,4.0,2.0,,4.0,4.0,,,,,,3.0,,3.0,,3.0,3.0,3.0,,,3.0,3.0,3.0,3.0,,3.0,,,,,,,,
12.09.2020,,2.0,3.0,3.0,2.0,4.0,3.0,,2.0,,3.0,4.0,,3.0,2.0,4.0,4.0,3.0,2.0,3.0,4.0,3.0,,,,,,3.0,,3.0,,3.0,3.0,3.0,,,3.0,3.0,3.0,3.0,,3.0,,,,,,,,
13.09.2020,3.0,3.0,3.0,3.0,3.0,4.0,3.0,,,4.0,4.0,,4.0,3.0,4.0,,4.0,2.0,2.0,4.0,3.0,3.0,,,,,,3.0,,3.0,,3.0,3.0,2.0,,,,3.0,,3.0,,3.0,,,,,,,,
14.09.2020,3.0,3.0,3.0,3.0,2.0,4.0,3.0,3.0,2.0,3.0,5.0,3.0,,3.0,2.0,3.0,4.0,3.0,2.0,3.0,2.0,3.0,,,,,,3.0,,3.0,,3.0,3.0,3.0,,,,3.0,,3.0,,2.0,,,,,,,,
15.09.2020,,3.0,3.0,2.0,2.0,3.0,3.0,3.0,2.0,4.0,,4.0,,3.0,3.0,3.0,4.0,3.0,2.0,3.0,2.0,,,,,,,,,3.0,,3.0,3.0,,,,,3.0,,,,2.0,,,,,,,,
16.09.2020,,3.0,3.0,2.0,3.0,3.0,3.0,3.0,3.0,5.0,,4.0,,3.0,,3.0,4.0,3.0,2.0,4.0,3.0,3.0,,,,,,3.0,,3.0,,3.0,3.0,2.0,,,,3.0,,3.0,,4.0,,,,,,,,
17.09.2020,3.0,3.0,3.0,3.0,3.0,4.0,3.0,3.0,3.0,,4.0,4.0,3.0,3.0,3.0,3.0,4.0,4.0,2.0,4.0,3.0,3.0,,,,,,3.0,,3.0,,3.0,3.0,,,,,3.0,,,,4.0,,,,,,,,
18.09.2020,3.0,3.0,3.0,2.0,,,3.0,,3.0,,3.0,4.0,4.0,4.0,,3.0,4.0,4.0,4.0,4.0,3.0,3.0,,,,,,3.0,,3.0,,3.0,3.0,2.0,,,,,,3.0,,4.0,,,,,,,,
19.09.2020,3.0,3.0,3.0,3.0,,4.0,3.0,,,,3.0,4.0,,4.0,4.0,3.0,4.0,3.0,4.0,4.0,3.0,3.0,,,,,,3.0,,3.0,,3.0,,,,,,,,3.0,,4.0,,,,,,,,
20.09.2020,3.0,3.0,3.0,3.0,2.0,4.0,3.0,3.0,,,5.0,4.0,4.0,3.0,3.0,4.0,4.0,3.0,2.0,,,3.0,4.0,,,,,3.0,,3.0,,3.0,3.0,,,,3.0,,,3.0,,4.0,,,,,,,,
21.09.2020,4.0,3.0,3.0,3.0,3.0,4.0,3.0,3.0,3.0,3.0,4.0,4.0,4.0,2.0,2.0,3.0,4.0,3.0,2.0,5.0,3.0,3.0,4.0,,,,,3.0,,3.0,,3.0,3.0,2.0,,,3.0,3.0,,3.0,,,,,,,,,,
22.09.2020,,3.0,3.0,2.0,2.0,3.0,3.0,3.0,3.0,,,4.0,3.0,3.0,3.0,3.0,,3.0,2.0,4.0,,4.0,4.0,,,,,,,3.0,,3.0,3.0,3.0,3.0,,3.0,3.0,,,,4.0,,,,,,,,
23.09.2020,3.0,3.0,3.0,2.0,2.0,3.0,3.0,,,2.0,,4.0,,3.0,3.0,3.0,4.0,4.0,3.0,3.0,4.0,,4.0,,,,,3.0,,3.0,,3.0,3.0,,,,3.0,,,3.0,,4.0,,,,,,,,
24.09.2020,,3.0,3.0,2.0,3.0,4.0,3.0,3.0,,,4.0,4.0,,3.0,,4.0,4.0,,2.0,5.0,3.0,4.0,4.0,,,,,3.0,,3.0,,3.0,3.0,2.0,3.0,,3.0,3.0,3.0,3.0,3.0,4.0,,,,,,,,
25.09.2020,3.0,3.0,3.0,2.0,3.0,4.0,3.0,,3.0,3.0,,4.0,3.0,3.0,2.0,3.0,,3.0,2.0,4.0,3.0,4.0,3.0,,,,,3.0,,3.0,,3.0,3.0,3.0,,,3.0,3.0,3.0,3.0,,3.0,,,,,,,,
26.09.2020,3.0,3.0,3.0,3.0,2.0,4.0,3.0,3.0,3.0,,,4.0,,3.0,2.0,3.0,,3.0,2.0,4.0,3.0,3.0,4.0,,,,,,,3.0,,3.0,3.0,3.0,,,3.0,3.0,3.0,3.0,4.0,3.0,,,,,,,,
27.09.2020,3.0,,3.0,3.0,2.0,3.0,3.0,3.0,3.0,4.0,,4.0,,3.0,2.0,3.0,4.0,3.0,2.0,4.0,3.0,4.0,4.0,,,,,3.0,,3.0,,3.0,3.0,3.0,,,3.0,3.0,3.0,3.0,,4.0,,,,,,,,
28.09.2020,,3.0,3.0,3.0,2.0,3.0,3.0,3.0,3.0,,5.0,2.0,,3.0,,3.0,4.0,3.0,1.0,,3.0,3.0,4.0,,,,,3.0,,3.0,,3.0,3.0,3.0,,,,3.0,3.0,3.0,,4.0,,,,,,,,
29.09.2020,,3.0,3.0,3.0,3.0,3.0,3.0,3.0,3.0,3.0,,2.0,3.0,3.0,2.0,2.0,4.0,3.0,1.0,3.0,,2.0,4.0,,,,,3.0,,3.0,,3.0,3.0,3.0,,,3.0,3.0,3.0,3.0,,4.0,,,,,,,,
30.09.2020,,3.0,3.0,3.0,2.0,4.0,3.0,3.0,3.0,4.0,4.0,3.0,2.0,2.0,2.0,3.0,,3.0,1.0,4.0,4.0,4.0,4.0,,,,,3.0,,3.0,,3.0,3.0,3.0,,,3.0,3.0,,,3.0,4.0,,,,,,,,
01.10.2020,3.0,,,3.0,3.0,,3.0,,3.0,5.0,3.0,3.0,,3.0,,3.0,4.0,3.0,1.0,,3.0,4.0,4.0,,,,,,,3.0,,3.0,3.0,,,,3.0,3.0,3.0,3.0,3.0,4.0,,,,,,,,
02.10.2020,3.0,3.0,3.0,3.0,3.0,4.0,3.0,,3.0,5.0,,4.0,,3.0,2.0,3.0,4.0,3.0,,5.0,2.0,4.0,4.0,,,,,3.0,,3.0,,3.0,3.0,3.0,,,3.0,3.0,3.0,3.0,4.0,,,,,,,,,
03.10.2020,,3.0,3.0,3.0,3.0,4.0,3.0,3.0,3.0,,,3.0,4.0,3.0,,4.0,4.0,3.0,2.0,2.0,3.0,4.0,,,,,,3.0,,3.0,,3.0,3.0,3.0,,,,3.0,,,,4.0,,,,,,,,
04.10.2020,3.0,3.0,3.0,3.0,3.0,4.0,3.0,,3.0,,4.0,4.0,,3.0,2.0,3.0,4.0,3.0,2.0,4.0,3.0,4.0,4.0,,,,,3.0,,3.0,,3.0,,3.0,,,,3.0,3.0,3.0,,,,,,,,,,
05.10.2020,3.0,3.0,3.0,3.0,3.0,3.0,3.0,,4.0,,3.0,4.0,3.0,3.0,3.0,3.0,4.0,3.0,2.0,5.0,3.0,2.0,4.0,,,,,3.0,,3.0,,3.0,3.0,3.0,,,3.0,3.0,3.0,3.0,,4.0,,,,,,,,
06.10.2020,,2.0,3.0,4.0,3.0,,3.0,3.0,3.0,,3.0,4.0,,3.0,,3.0,4.0,3.0,3.0,3.0,3.0,4.0,4.0,,,,,3.0,,3.0,,3.0,3.0,3.0,,,3.0,3.0,,3.0,,4.0,,,,,,,,
07.10.2020,3.0,3.0,3.0,4.0,3.0,4.0,3.0,3.0,,4.0,4.0,4.0,3.0,3.0,2.0,3.0,4.0,3.0,3.0,4.0,3.0,2.0,4.0,,,,,3.0,,3.0,,3.0,3.0,2.0,,,3.0,3.0,3.0,3.0,3.0,4.0,,,,,,,,
08.10.2020,3.0,3.0,3.0,2.0,4.0,4.0,3.0,,3.0,,,3.0,,3.0,3.0,3.0,4.0,3.0,3.0,5.0,,3.0,4.0,,,,,3.0,,,,3.0,3.0,3.0,,,3.0,3.0,3.0,3.0,,4.0,,,,,,,,
09.10.2020,,3.0,3.0,3.0,3.0,,4.0,,,,,3.0,,4.0,,3.0,4.0,3.0,2.0,5.0,4.0,4.0,4.0,,,,,3.0,,3.0,,3.0,3.0,3.0,,,,3.0,3.0,3.0,,4.0,,,,,,,,
10.10.2020,,3.0,3.0,3.0,4.0,4.0,,,3.0,4.0,,4.0,4.0,3.0,4.0,4.0,,3.0,3.0,4.0,3.0,4.0,,,,,,3.0,,3.0,,3.0,3.0,3.0,,,3.0,3.0,,3.0,,4.0,,,,,,,,
11.10.2020,,3.0,3.0,2.0,,4.0,3.0,,3.0,,4.0,3.0,,4.0,2.0,3.0,4.0,3.0,2.0,4.0,4.0,,4.0,,,,,3.0,,,,3.0,3.0,3.0,,,3.0,3.0,3.0,3.0,3.0,3.0,,,,,,,,
12.10.2020,3.0,3.0,3.0,3.0,3.0,4.0,3.0,,3.0,3.0,4.0,4.0,,4.0,,3.0,,3.0,2.0,4.0,3.0,3.0,4.0,,,,,3.0,,3.0,,3.0,3.0,3.0,,,3.0,3.0,,3.0,,4.0,,,,,,,,
13.10.2020,3.0,3.0,3.0,3.0,3.0,4.0,3.0,,3.0,,,3.0,,3.0,3.0,3.0,4.0,,2.0,4.0,3.0,4.0,4.0,,,,,3.0,,3.0,,3.0,3.0,3.0,,,3.0,3.0,3.0,3.0,,4.0,,,,,,,,
14.10.2020,3.0,3.0,3.0,3.0,3.0,4.0,3.0,,,3.0,3.0,4.0,,2.0,3.0,4.0,4.0,3.0,2.0,3.0,3.0,4.0,4.0,,,,,,,3.0,,3.0,3.0,3.0,,,3.0,2.0,3.0,3.0,,4.0,,,,,,,,
15.10.2020,3.0,3.0,3.0,2.0,3.0,4.0,3.0,,3.0,3.0,3.0,3.0,,3.0,3.0,3.0,4.0,3.0,2.0,,4.0,4.0,4.0,,,,,3.0,,,,3.0,3.0,3.0,,,3.0,3.0,3.0,3.0,,2.0,,,,,,,,
16.10.2020,3.0,3.0,3.0,3.0,,4.0,3.0,,,,4.0,3.0,,3.0,2.0,3.0,4.0,3.0,3.0,3.0,4.0,4.0,4.0,,,,,,,3.0,,3.0,3.0,3.0,,,3.0,3.0,,,,4.0,,,,,,,,
17.10.2020,3.0,3.0,3.0,3.0,,4.0,3.0,,3.0,,4.0,3.0,,3.0,2.0,3.0,4.0,3.0,3.0,4.0,,2.0,4.0,,,,,3.0,,3.0,,3.0,3.0,3.0,,,3.0,,3.0,3.0,,2.0,,,,,,,,
18.10.2020,,3.0,3.0,3.0,,,3.0,,,4.0,4.0,3.0,,3.0,2.0,3.0,,3.0,3.0,4.0,3.0,4.0,,,,,,3.0,,3.0,,3.0,3.0,2.0,,,3.0,3.0,,,,,,,,,,,,
19.10.2020,3.0,3.0,3.0,2.0,3.0,4.0,3.0,,3.0,,4.0,3.0,,3.0,,3.0,4.0,3.0,3.0,3.0,3.0,4.0,4.0,,,,,3.0,,3.0,,3.0,,2.0,,,,3.0,3.0,3.0,,3.0,,,,,,,,
20.10.2020,3.0,3.0,3.0,2.0,3.0,3.0,3.0,,2.0,,,3.0,,3.0,3.0,3.0,5.0,3.0,2.0,3.0,3.0,3.0,4.0,,,,,3.0,,,,3.0,3.0,2.0,,,2.0,3.0,,,,3.0,,,,,,,,
21.10.2020,3.0,3.0,3.0,2.0,,3.0,3.0,,,,,3.0,,3.0,3.0,,4.0,,2.0,4.0,3.0,3.0,4.0,,,,,,,3.0,,,3.0,3.0,,,,3.0,3.0,,,4.0,,,,,,,,
22.10.2020,3.0,,3.0,2.0,3.0,3.0,3.0,,2.0,,4.0,3.0,,3.0,2.0,3.0,4.0,3.0,2.0,,3.0,3.0,4.0,,,,,,,3.0,,3.0,3.0,3.0,,,,3.0,3.0,3.0,,4.0,,,,,,,,
23.10.2020,3.0,3.0,3.0,4.0,3.0,3.0,3.0,,3.0,5.0,4.0,3.0,,3.0,2.0,3.0,4.0,3.0,2.0,5.0,4.0,3.0,4.0,,,,,3.0,,3.0,,3.0,3.0,3.0,,,2.0,3.0,3.0,,,4.0,,,,,,,,
24.10.2020,3.0,3.0,3.0,3.0,,3.0,3.0,,,3.0,,4.0,,3.0,,3.0,4.0,3.0,2.0,5.0,4.0,3.0,,,,,,3.0,,3.0,,3.0,,3.0,,,3.0,3.0,3.0,3.0,,4.0,,,,,,,,
25.10.2020,4.0,3.0,3.0,2.0,3.0,3.0,3.0,,3.0,,5.0,3.0,,3.0,3.0,3.0,4.0,3.0,2.0,4.0,3.0,3.0,4.0,,,,,3.0,,3.0,,3.0,3.0,3.0,,,,3.0,3.0,,,,,,,,,,,
26.10.2020,,3.0,3.0,2.0,,3.0,3.0,,3.0,,5.0,3.0,,3.0,1.0,3.0,4.0,2.0,2.0,5.0,4.0,3.0,4.0,,,,,3.0,,3.0,,3.0,3.0,3.0,,,,3.0,3.0,3.0,,4.0,,,,,,,,
27.10.2020,3.0,3.0,3.0,2.0,3.0,,3.0,,3.0,,3.0,3.0,,3.0,,3.0,,3.0,2.0,5.0,,3.0,4.0,,,,,3.0,,3.0,,3.0,3.0,3.0,,,3.0,3.0,,,,4.0,,,,,,,,
28.10.2020,3.0,3.0,3.0,2.0,,3.0,3.0,,3.0,,,3.0,,3.0,2.0,3.0,4.0,3.0,2.0,4.0,,3.0,4.0,,,,,3.0,,3.0,,3.0,,3.0,,,3.0,3.0,3.0,3.0,,3.0,,,,,,,,
29.10.2020,3.0,3.0,3.0,2.0,,3.0,3.0,,,,4.0,3.0,,3.0,2.0,3.0,4.0,3.0,2.0,,3.0,3.0,4.0,,,,,3.0,,3.0,,3.0,3.0,3.0,,,3.0,3.0,3.0,,,4.0,,,,,,,,
30.10.2020,,3.0,3.0,2.0,,4.0,3.0,,,,4.0,3.0,,2.0,3.0,3.0,,3.0,2.0,,,3.0,4.0,,,,,3.0,,3.0,,3.0,3.0,3.0,,,3.0,3.0,3.0,3.0,,4.0,,,,,,,,
31.10.2020,,3.0,3.0,4.0,3.0,3.0,3.0,,,,3.0,3.0,,3.0,3.0,,,4.0,,4.0,3.0,4.0,4.0,,,,,3.0,,3.0,,3.0,3.0,3.0,,,,3.0,3.0,3.0,,4.0,,,,,,,,
01.11.2020,,3.0,3.0,2.0,,4.0,3.0,,2.0,,5.0,4.0,,3.0,,3.0,4.0,3.0,2.0,4.0,,4.0,4.0,,,,,3.0,,3.0,,3.0,3.0,2.0,,,3.0,3.0,,3.0,,4.0,,,,,,,,
02.11.2020,3.0,3.0,3.0,4.0,,4.0,3.0,,3.0,,5.0,4.0,,3.0,3.0,3.0,4.0,3.0,2.0,5.0,3.0,2.0,4.0,,,,,3.0,,3.0,,3.0,3.0,3.0,,,3.0,3.0,3.0,3.0,,4.0,,,,,,,,
03.11.2020,3.0,3.0,3.0,3.0,2.0,4.0,3.0,,3.0,2.0,4.0,4.0,,3.0,2.0,3.0,4.0,3.0,2.0,4.0,3.0,,4.0,,,,,3.0,,3.0,,3.0,2.0,3.0,,,3.0,3.0,,3.0,,3.0,,,,,,,,
04.11.2020,3.0,,3.0,3.0,3.0,3.0,3.0,,3.0,3.0,4.0,4.0,3.0,3.0,,3.0,4.0,2.0,,4.0,,4.0,4.0,,,,,3.0,,3.0,,3.0,3.0,3.0,,,3.0,3.0,,3.0,,4.0,,,,,,,,
05.11.2020,3.0,,3.0,3.0,,4.0,3.0,,,,5.0,4.0,,,3.0,4.0,4.0,3.0,,4.0,3.0,4.0,4.0,,,,,3.0,,3.0,,3.0,3.0,,3.0,,3.0,3.0,,3.0,,4.0,,,,,,,,
06.11.2020,3.0,3.0,3.0,3.0,3.0,4.0,3.0,,3.0,,,3.0,,3.0,,3.0,4.0,3.0,2.0,4.0,3.0,4.0,4.0,,,,,3.0,,3.0,,3.0,3.0,2.0,,,3.0,3.0,3.0,3.0,,4.0,,,,,,,,
07.11.2020,3.0,3.0,3.0,3.0,,4.0,3.0,,,3.0,5.0,3.0,,3.0,,,4.0,2.0,2.0,4.0,,4.0,,,,,,3.0,,,,3.0,3.0,2.0,,,3.0,3.0,,,,4.0,,,,,,,,
08.11.2020,,3.0,3.0,3.0,,4.0,3.0,,3.0,,5.0,2.0,,3.0,,3.0,4.0,2.0,,4.0,,3.0,4.0,,,,,3.0,,3.0,,3.0,3.0,3.0,,,3.0,3.0,2.0,3.0,,,,,,,,,,
09.11.2020,3.0,3.0,3.0,2.0,3.0,4.0,3.0,,3.0,3.0,4.0,3.0,,3.0,3.0,3.0,4.0,3.0,3.0,4.0,3.0,,4.0,,,,,3.0,,3.0,,3.0,3.0,3.0,,,3.0,3.0,,,,4.0,,,,,,,,
10.11.2020,3.0,3.0,3.0,3.0,,4.0,3.0,,2.0,,,3.0,,3.0,2.0,3.0,4.0,3.0,2.0,3.0,4.0,3.0,4.0,,,,,,,3.0,,3.0,3.0,3.0,,,3.0,3.0,3.0,3.0,,3.0,,,,,,,,
11.11.2020,,,3.0,2.0,3.0,4.0,3.0,,,,5.0,3.0,3.0,3.0,3.0,3.0,4.0,3.0,2.0,2.0,2.0,2.0,3.0,,,,,3.0,,,,3.0,3.0,3.0,,,3.0,3.0,,,,4.0,,,,,,,,
12.11.2020,3.0,,3.0,3.0,,3.0,3.0,,,,5.0,3.0,,3.0,,3.0,4.0,,2.0,,,3.0,,,,,,3.0,,3.0,,3.0,3.0,3.0,3.0,,3.0,3.0,3.0,3.0,,,,,,,,,,
13.11.2020,3.0,3.0,3.0,3.0,,3.0,3.0,,3.0,,5.0,3.0,,3.0,3.0,3.0,4.0,2.0,3.0,3.0,3.0,4.0,4.0,,,,,3.0,,3.0,,3.0,3.0,3.0,,,3.0,3.0,,3.0,,3.0,,,,,,,,
14.11.2020,,3.0,3.0,2.0,,,3.0,,,,,3.0,,3.0,2.0,3.0,4.0,3.0,3.0,3.0,3.0,4.0,3.0,,,,,3.0,,,,3.0,3.0,3.0,,,3.0,3.0,3.0,,,4.0,,,,,,,,
15.11.2020,3.0,,3.0,2.0,,,3.0,,,,5.0,3.0,,3.0,,3.0,4.0,,,,,4.0,4.0,,,,,3.0,,3.0,,3.0,3.0,2.0,3.0,,3.0,,,,,3.0,,,,,,,,
16.11.2020,,3.0,3.0,2.0,3.0,3.0,3.0,,3.0,,,3.0,4.0,2.0,3.0,3.0,4.0,,3.0,3.0,2.0,,4.0,,,,,,,3.0,,3.0,3.0,1.0,,,3.0,3.0,,3.0,,2.0,,,,,,,,
17.11.2020,3.0,3.0,3.0,2.0,,3.0,3.0,,2.0,,3.0,3.0,,3.0,3.0,3.0,4.0,3.0,2.0,3.0,3.0,2.0,4.0,,,,,3.0,,,,3.0,,4.0,,,3.0,3.0,3.0,,,2.0,,,,,,,,
18.11.2020,,3.0,3.0,2.0,3.0,3.0,,,,3.0,3.0,3.0,,3.0,2.0,3.0,4.0,2.0,2.0,2.0,3.0,4.0,4.0,,,,,3.0,,,,3.0,,3.0,,,,3.0,,,,,,,,,,,,
19.11.2020,,3.0,3.0,3.0,3.0,3.0,3.0,,,3.0,5.0,3.0,,3.0,3.0,3.0,4.0,3.0,,,3.0,4.0,4.0,,,,,3.0,,3.0,,,,3.0,,,3.0,3.0,3.0,,,,,,,,,,,
20.11.2020,,3.0,3.0,3.0,3.0,,3.0,,3.0,3.0,5.0,3.0,,3.0,4.0,3.0,4.0,3.0,2.0,2.0,4.0,4.0,4.0,,,,,,,3.0,,3.0,3.0,,,,,3.0,3.0,3.0,,,,,,,,,,
21.11.2020,,3.0,3.0,3.0,,4.0,3.0,,,,4.0,3.0,,3.0,,3.0,4.0,4.0,2.0,,,,4.0,,,,,,,3.0,,3.0,3.0,3.0,,,3.0,3.0,,3.0,,2.0,,,,,,,,
22.11.2020,,3.0,3.0,3.0,,4.0,3.0,,3.0,2.0,,,,4.0,,3.0,4.0,3.0,2.0,,3.0,4.0,4.0,,,,,,,3.0,,3.0,3.0,3.0,,,3.0,3.0,3.0,3.0,,2.0,,,,,,,,
23.11.2020,2.0,3.0,3.0,3.0,2.0,3.0,3.0,,3.0,,4.0,3.0,3.0,3.0,,3.0,4.0,3.0,2.0,3.0,3.0,4.0,4.0,,,,,,,3.0,,,3.0,,,,,3.0,3.0,3.0,,2.0,,,,,,,,
24.11.2020,,3.0,3.0,2.0,2.0,3.0,3.0,,3.0,5.0,3.0,3.0,,,,3.0,4.0,3.0,2.0,2.0,,4.0,4.0,,,,,3.0,,3.0,,3.0,3.0,3.0,,,3.0,3.0,3.0,3.0,,2.0,,,,,,,,
25.11.2020,3.0,3.0,3.0,2.0,3.0,3.0,3.0,,,3.0,4.0,2.0,,3.0,3.0,3.0,4.0,3.0,2.0,3.0,3.0,4.0,4.0,,,,,3.0,,3.0,,,,2.0,,,3.0,3.0,,,,2.0,,,,,,,,
26.11.2020,2.0,3.0,3.0,2.0,,,3.0,,,2.0,4.0,2.0,,3.0,2.0,3.0,2.0,3.0,3.0,2.0,3.0,4.0,,,,,,3.0,,3.0,,,3.0,,,,3.0,3.0,3.0,,,2.0,,,,,,,,
27.11.2020,3.0,3.0,3.0,3.0,3.0,4.0,3.0,,,4.0,4.0,1.0,,3.0,3.0,3.0,4.0,3.0,2.0,3.0,,4.0,4.0,,,,,3.0,,3.0,,,,3.0,,,3.0,3.0,,,,3.0,,,,,,,,
28.11.2020,,3.0,3.0,3.0,2.0,3.0,3.0,,,3.0,,1.0,,3.0,3.0,3.0,4.0,,2.0,,,4.0,4.0,,,,,3.0,,3.0,,,3.0,3.0,,,,,,,,3.0,,,,,,,,
29.11.2020,,3.0,3.0,3.0,3.0,,3.0,,3.0,5.0,4.0,2.0,,3.0,4.0,3.0,4.0,3.0,2.0,5.0,,4.0,4.0,,,,,3.0,,3.0,,,3.0,3.0,,,,3.0,,,,3.0,,,,,,,,
30.11.2020,,3.0,,3.0,3.0,3.0,3.0,,,3.0,3.0,3.0,4.0,3.0,3.0,3.0,4.0,3.0,2.0,3.0,,3.0,,,,,,3.0,,3.0,,,3.0,3.0,,,3.0,,,,,2.0,,,,,,,,
01.12.2020,4.0,3.0,3.0,3.0,3.0,3.0,3.0,,,,,2.0,,3.0,2.0,3.0,4.0,4.0,2.0,3.0,3.0,2.0,4.0,,,,,,,3.0,,,3.0,3.0,,,,3.0,,,,3.0,,,,,,,,
02.12.2020,,2.0,3.0,2.0,,,3.0,,,,4.0,3.0,,3.0,,3.0,4.0,2.0,2.0,3.0,4.0,2.0,4.0,,,,,,,3.0,,,3.0,3.0,,,,3.0,,,,3.0,,,,,,,,
03.12.2020,,2.0,3.0,2.0,2.0,4.0,3.0,,3.0,3.0,4.0,2.0,,3.0,3.0,3.0,4.0,3.0,2.0,2.0,3.0,3.0,4.0,,,,,3.0,,3.0,,,3.0,3.0,,,,3.0,3.0,,,3.0,,,,,,,,
04.12.2020,,3.0,3.0,3.0,,,3.0,,,,4.0,1.0,,3.0,,3.0,4.0,3.0,,,3.0,3.0,4.0,,,,,,,3.0,,,3.0,2.0,,,,3.0,3.0,,,3.0,,,,,,,,
05.12.2020,,3.0,3.0,3.0,,3.0,3.0,,,,4.0,2.0,,3.0,2.0,3.0,2.0,,2.0,3.0,2.0,3.0,4.0,,,,,,,3.0,,,3.0,3.0,,,,3.0,,,,,,,,,,,,
06.12.2020,,3.0,3.0,2.0,2.0,,3.0,,,,,3.0,,,,3.0,4.0,,2.0,4.0,2.0,4.0,,,,,,,,3.0,,,,,,,,3.0,,,,,,,,,,,,
07.12.2020,,3.0,3.0,2.0,3.0,,3.0,,2.0,,,2.0,,,,3.0,4.0,2.0,,,2.0,,4.0,,,,,,,3.0,,,,3.0,,,,3.0,,,,4.0,,,,,,,,
08.12.2020,,3.0,3.0,2.0,,,3.0,,,,,2.0,,,2.0,4.0,4.0,3.0,,2.0,,4.0,,,,,,,,3.0,,,3.0,3.0,,,,,3.0,,,4.0,,,,,,,,
09.12.2020,,3.0,3.0,2.0,,,3.0,,,,3.0,1.0,,,2.0,3.0,4.0,,,4.0,5.0,,,,,,,,,3.0,,,3.0,3.0,,,,3.0,3.0,,,4.0,,,,,,,,
10.12.2020,,3.0,3.0,3.0,,,3.0,,3.0,,,3.0,,,2.0,3.0,,,,4.0,,,4.0,,,,,,,3.0,,,,3.0,,,,3.0,,,,4.0,,,,,,,,
11.12.2020,,3.0,3.0,2.0,,,3.0,,,,,3.0,,,2.0,3.0,,,,3.0,4.0,,4.0,,,,,,,3.0,,,3.0,,,,,3.0,,,,4.0,,,,,,,,
12.12.2020,4.0,3.0,3.0,4.0,,,3.0,,,,,3.0,,,,,,,,4.0,4.0,,3.0,,,,,,,3.0,,,,3.0,,,,3.0,,,,4.0,,,,,,,,
13.12.2020,3.0,3.0,3.0,4.0,,,3.0,,,,5.0,5.0,,,,3.0,,,,4.0,4.0,,,,,,,,,3.0,,,3.0,,,,,,,,,4.0,,,,,,,,
14.12.2020,,3.0,3.0,3.0,4.0,,3.0,,3.0,,4.0,4.0,,,,3.0,,,,,,4.0,,,,,,,,3.0,,,,,,,,,,,,,,,,,,,,
15.12.2020,3.0,,3.0,3.0,,,3.0,,,,4.0,4.0,,,,3.0,,,,4.0,,4.0,4.0,,,,,,,,,,,,,,,3.0,,,,,,,,,,,,
16.12.2020,3.0,3.0,3.0,3.0,,,3.0,,,,3.0,4.0,,,,3.0,,,,4.0,4.0,4.0,,,,,,,,,,,,,,,,,,,,,,,,,,,,
17.12.2020,3.0,2.0,3.0,4.0,,4.0,3.0,,4.0,,,3.0,,,,,,,,3.0,,,,,,,,,,,,,,,,,,3.0,,,,,,,,,,,,
18.12.2020,3.0,3.0,3.0,4.0,,,3.0,,,,,4.0,,,,4.0,,,,,,3.0,,,,,,,,,,,,,,,,,,,,,,,,,,,,
19.12.2020,3.0,3.0,3.0,3.0,,4.0,4.0,,,,4.0,4.0,,,,,,,,,4.0,4.0,,,,,,,,,,,,,,,,3.0,,,,,,,,,,,,
20.12.2020,3.0,3.0,,4.0,,,3.0,,,,4.0,4.0,,,,,,,,4.0,,4.0,4.0,,,,,,,,,,,,,,,,,,,,,,,,,,,
21.12.2020,3.0,3.0,3.0,3.0,,4.0,3.0,,4.0,,,4.0,,,,,,,,,4.0,4.0,,,,,,,,,,,,,,,,3.0,,,,,,,,,,,,
22.12.2020,3.0,3.0,3.0,4.0,,4.0,3.0,,3.0,,2.0,2.0,,,,,,,,,,4.0,,,,,,,,,,,,,,,,3.0,,,,,,,,,,,,
23.12.2020,,3.0,3.0,4.0,,,3.0,,,,,4.0,,,,,,,,,4.0,4.0,,,,,,,,,,,,,,,,,,,,,,,,,,,,
24.12.2020,,2.0,3.0,5.0,,,3.0,,,,,4.0,,,,,,,,,,,,,,,,,,,,,,,,,,,,,,,,,,,,,,
25.12.2020,3.0,3.0,3.0,4.0,,4.0,3.0,,,,,4.0,,,,,,,,,,,,,,,,,,,,,,,,,,3.0,,,,,,,,,,,,
26.12.2020,3.0,3.0,3.0,3.0,,4.0,3.0,,,,4.0,5.0,,,,,,,,4.0,,4.0,,,,,,,,,,,,,,,,,,,,,,,,,,,,
27.12.2020,3.0,3.0,3.0,3.0,,4.0,3.0,,,,,5.0,,,,,,,,,,,,,,,,,,,,,,,,,,3.0,,,,,,,,,,,,
28.12.2020,3.0,3.0,3.0,2.0,,,3.0,,3.0,,,5.0,,,,,,,,4.0,,4.0,,,,,,,,,,,,,,,,3.0,,,,,,,,,,,,
29.12.2020,3.0,3.0,3.0,4.0,,4.0,3.0,,3.0,,,5.0,,,,,,,,3.0,,4.0,,,,,,,,,,,,,,,,3.0,,,,,,,,,,,,
30.12.2020,3.0,3.0,3.0,4.0,,,3.0,,,,,3.0,,,,,,,,3.0,,4.0,,,,,,,,,,,,,,,,3.0,,,,,,,,,,,,
31.12.2020,3.0,3.0,3.0,4.0,,,3.0,,,,,4.0,,,,,,,,,,,,,,,,,,,,,,,,,,3.0,,,,,,,,,,,,
01.01.2021,3.0,3.0,3.0,4.0,,4.0,3.0,,,,,,,,,,,,,4.0,,,,,,,,,,,,,,,,,,3.0,,,,,,,,,,,,
02.01.2021,3.0,3.0,3.0,3.0,,,3.0,,,,,4.0,,,,4.0,,,,4.0,,,,,,,,,,,,,,,,,,3.0,,,,,,,,,,,,
03.01.2021,3.0,3.0,3.0,3.0,,4.0,3.0,,4.0,,4.0,4.0,,,,3.0,4.0,,,,5.0,,,,,,,,,,,,,,,,,,,,,,,,,,,,,
04.01.2021,3.0,3.0,3.0,3.0,,,3.0,,3.0,,,4.0,3.0,,,,,,,,4.0,2.0,4.0,,,,,,,,,,,,,,,3.0,,,,,,,,,,,,
05.01.2021,3.0,3.0,3.0,3.0,,4.0,3.0,,,,,5.0,,,,,4.0,,,4.0,4.0,4.0,4.0,,,,,,,,,,,,,,,3.0,,,,,,,,,,,,
06.01.2021,3.0,3.0,3.0,4.0,,4.0,3.0,,,,,5.0,,,3.0,,,,,4.0,4.0,3.0,4.0,,,,,,,,,,,,,,,3.0,,,,,,,,,,,,
07.01.2021,3.0,3.0,3.0,3.0,,4.0,3.0,,,,,5.0,3.0,,,,,,,3.0,4.0,,,,,,,,,,,,,,,,,3.0,,,,,,,,,,,,
08.01.2021,3.0,3.0,3.0,3.0,,,3.0,,3.0,,,5.0,,,,3.0,,,,,4.0,4.0,4.0,,,,,,,,,,,,,,,,,,,,,,,,,,,
09.01.2021,4.0,3.0,3.0,4.0,,,3.0,,3.0,,,5.0,4.0,,,3.0,,,,3.0,,4.0,,,,,,,,,,,,,,,,3.0,,,,,,,,,,,,
10.01.2021,2.0,3.0,3.0,4.0,,4.0,3.0,,3.0,,5.0,5.0,4.0,,,3.0,,,,4.0,3.0,3.0,,,,,,,,,,,,2.0,,,,3.0,,,,,,,,,,,,
11.01.2021,2.0,3.0,3.0,3.0,3.0,3.0,3.0,,3.0,,4.0,4.0,3.0,3.0,4.0,3.0,4.0,3.0,3.0,3.0,4.0,4.0,4.0,,,,,,,,,,,2.0,,,,3.0,,,,,,,,,,,,
12.01.2021,3.0,3.0,3.0,3.0,,4.0,3.0,3.0,3.0,5.0,4.0,5.0,3.0,3.0,4.0,3.0,4.0,3.0,2.0,4.0,4.0,3.0,,,,,,,,,,,,3.0,,,,3.0,,,,4.0,,,3.0,,,,,
13.01.2021,3.0,3.0,3.0,3.0,2.0,4.0,3.0,3.0,3.0,,4.0,3.0,3.0,3.0,3.0,3.0,5.0,3.0,1.0,4.0,4.0,3.0,4.0,,,,,,,,,,,3.0,,,,3.0,,,,4.0,,,4.0,,,,,
14.01.2021,3.0,3.0,3.0,3.0,,4.0,3.0,3.0,3.0,2.0,3.0,3.0,3.0,3.0,3.0,3.0,5.0,3.0,1.0,5.0,4.0,3.0,,,,,,3.0,,3.0,,3.0,,3.0,,,3.0,3.0,,,,4.0,,3.0,3.0,,,,,
15.01.2021,3.0,3.0,3.0,4.0,3.0,,3.0,3.0,3.0,2.0,4.0,4.0,4.0,3.0,3.0,,4.0,3.0,2.0,4.0,4.0,4.0,4.0,,,,,3.0,,3.0,,3.0,3.0,3.0,,,3.0,3.0,,,,4.0,,,3.0,,,,,
16.01.2021,3.0,3.0,3.0,4.0,3.0,4.0,4.0,3.0,3.0,3.0,5.0,5.0,4.0,3.0,3.0,3.0,5.0,3.0,2.0,4.0,4.0,4.0,4.0,,,,,,,3.0,,,,,,,,,,,,4.0,,,4.0,,,,,
17.01.2021,3.0,3.0,3.0,3.0,3.0,4.0,3.0,3.0,3.0,2.0,5.0,4.0,4.0,3.0,4.0,3.0,5.0,4.0,2.0,4.0,5.0,4.0,4.0,,,,,3.0,,3.0,,3.0,3.0,3.0,3.0,,3.0,3.0,3.0,,,4.0,4.0,3.0,3.0,,,,,
18.01.2021,3.0,3.0,3.0,2.0,2.0,4.0,3.0,3.0,3.0,3.0,5.0,4.0,3.0,3.0,4.0,3.0,5.0,3.0,3.0,4.0,4.0,3.0,4.0,,,,,3.0,,3.0,,3.0,3.0,3.0,,,3.0,3.0,3.0,,,4.0,3.0,,4.0,,,,,
19.01.2021,3.0,3.0,3.0,3.0,3.0,3.0,3.0,3.0,3.0,4.0,4.0,4.0,3.0,3.0,3.0,,4.0,3.0,3.0,4.0,4.0,3.0,4.0,,,,,3.0,,3.0,,3.0,3.0,,,,,3.0,3.0,,,4.0,,,4.0,,,,,
20.01.2021,3.0,3.0,3.0,2.0,,4.0,3.0,3.0,3.0,,4.0,5.0,3.0,3.0,3.0,3.0,5.0,3.0,3.0,4.0,3.0,4.0,4.0,,,,,2.0,,3.0,,4.0,3.0,3.0,3.0,,3.0,3.0,3.0,,,4.0,4.0,2.0,4.0,,,,,
21.01.2021,3.0,3.0,3.0,2.0,2.0,4.0,3.0,3.0,3.0,3.0,5.0,4.0,3.0,3.0,1.0,3.0,4.0,3.0,3.0,4.0,4.0,4.0,4.0,,,,,2.0,,3.0,,3.0,3.0,3.0,,4.0,3.0,3.0,3.0,3.0,3.0,4.0,2.0,3.0,4.0,,,,,
22.01.2021,,,3.0,2.0,2.0,4.0,3.0,3.0,3.0,2.0,4.0,2.0,3.0,3.0,2.0,3.0,,3.0,3.0,4.0,,4.0,4.0,,,,,3.0,,3.0,,3.0,3.0,3.0,2.0,3.0,3.0,3.0,3.0,3.0,,4.0,,3.0,4.0,,,,,
23.01.2021,3.0,3.0,3.0,2.0,,4.0,4.0,,3.0,,5.0,2.0,4.0,3.0,3.0,,4.0,,3.0,4.0,,4.0,4.0,,,,,3.0,,3.0,,3.0,3.0,,,3.0,,3.0,3.0,3.0,,4.0,,3.0,4.0,,,,,
24.01.2021,3.0,3.0,3.0,2.0,,4.0,3.0,3.0,3.0,,5.0,3.0,4.0,3.0,4.0,3.0,,3.0,2.0,4.0,4.0,4.0,4.0,,,,,3.0,,3.0,,3.0,3.0,2.0,,3.0,,3.0,3.0,3.0,3.0,2.0,4.0,3.0,4.0,,,,,
25.01.2021,3.0,3.0,3.0,2.0,3.0,4.0,3.0,3.0,3.0,3.0,5.0,3.0,3.0,3.0,2.0,2.0,4.0,3.0,2.0,4.0,4.0,4.0,4.0,,,,,3.0,,3.0,,3.0,3.0,3.0,,3.0,3.0,3.0,3.0,3.0,,3.0,3.0,3.0,4.0,,,,,
26.01.2021,3.0,,3.0,2.0,2.0,4.0,3.0,3.0,3.0,4.0,5.0,3.0,3.0,3.0,3.0,3.0,4.0,3.0,3.0,4.0,5.0,3.0,4.0,,,,,3.0,,3.0,,3.0,3.0,,,3.0,,3.0,3.0,,,3.0,4.0,3.0,4.0,,,,,
27.01.2021,3.0,3.0,3.0,2.0,,4.0,3.0,3.0,3.0,4.0,3.0,3.0,3.0,3.0,3.0,3.0,5.0,3.0,3.0,4.0,,2.0,4.0,,,,,3.0,,3.0,,3.0,3.0,3.0,,,3.0,3.0,3.0,3.0,3.0,3.0,4.0,3.0,4.0,,,,,
28.01.2021,3.0,2.0,3.0,4.0,,4.0,3.0,3.0,3.0,,5.0,3.0,3.0,3.0,2.0,3.0,5.0,3.0,3.0,4.0,4.0,3.0,4.0,,,,,3.0,,3.0,,3.0,,3.0,,3.0,3.0,3.0,,,,3.0,,,4.0,,,,,
29.01.2021,3.0,2.0,3.0,4.0,3.0,3.0,3.0,,3.0,,3.0,3.0,,3.0,3.0,3.0,,3.0,3.0,4.0,4.0,4.0,3.0,,,,,3.0,,3.0,,3.0,3.0,3.0,,,3.0,3.0,2.0,3.0,,3.0,,3.0,4.0,,,,,
30.01.2021,,3.0,3.0,4.0,,3.0,3.0,3.0,3.0,,4.0,3.0,,3.0,3.0,3.0,5.0,3.0,3.0,5.0,,3.0,3.0,,,,,3.0,,3.0,,3.0,3.0,3.0,,3.0,3.0,3.0,3.0,3.0,,3.0,,3.0,4.0,,,,,
31.01.2021,3.0,3.0,3.0,4.0,,3.0,3.0,3.0,3.0,,4.0,3.0,4.0,3.0,4.0,3.0,5.0,2.0,,4.0,4.0,3.0,4.0,,,,,3.0,,3.0,,,3.0,3.0,,3.0,3.0,2.0,,,,3.0,,3.0,4.0,,,,,
01.02.2021,3.0,3.0,3.0,3.0,3.0,3.0,3.0,3.0,3.0,2.0,5.0,3.0,4.0,3.0,2.0,3.0,4.0,3.0,3.0,4.0,3.0,3.0,4.0,,,,,3.0,,3.0,,3.0,3.0,,,,3.0,3.0,3.0,3.0,3.0,3.0,,3.0,4.0,,,,,
02.02.2021,3.0,3.0,3.0,2.0,3.0,3.0,3.0,3.0,3.0,,5.0,3.0,,3.0,2.0,3.0,4.0,3.0,3.0,4.0,4.0,4.0,4.0,4.0,,,,3.0,,3.0,,3.0,3.0,3.0,,3.0,3.0,,3.0,3.0,,3.0,,3.0,4.0,,,,,
03.02.2021,3.0,3.0,3.0,2.0,3.0,3.0,3.0,3.0,3.0,3.0,4.0,3.0,3.0,3.0,2.0,3.0,4.0,3.0,2.0,4.0,4.0,4.0,4.0,,,,,3.0,,3.0,,3.0,3.0,,,,,3.0,3.0,3.0,,3.0,,3.0,3.0,,,,,
04.02.2021,3.0,3.0,3.0,2.0,3.0,3.0,3.0,3.0,3.0,,4.0,3.0,3.0,3.0,2.0,3.0,4.0,3.0,2.0,4.0,4.0,4.0,4.0,5.0,,,,3.0,,3.0,,3.0,3.0,3.0,,3.0,3.0,3.0,3.0,3.0,,3.0,,3.0,4.0,,,,,
05.02.2021,3.0,3.0,3.0,2.0,3.0,3.0,3.0,3.0,,,4.0,3.0,,3.0,1.0,3.0,4.0,3.0,2.0,4.0,4.0,3.0,3.0,4.0,,,,3.0,,,,3.0,3.0,3.0,,3.0,3.0,,3.0,,,3.0,3.0,3.0,4.0,3.0,,,,
06.02.2021,3.0,3.0,3.0,4.0,,4.0,3.0,3.0,3.0,,3.0,3.0,,3.0,2.0,3.0,4.0,3.0,2.0,4.0,4.0,4.0,4.0,,,,,3.0,,3.0,,,3.0,,,3.0,,3.0,,,,4.0,,,5.0,,,,,
07.02.2021,3.0,3.0,3.0,3.0,3.0,4.0,3.0,3.0,,,4.0,3.0,,3.0,,3.0,3.0,2.0,2.0,4.0,,3.0,4.0,,,,,3.0,,3.0,,3.0,3.0,3.0,,3.0,3.0,3.0,3.0,3.0,,,,3.0,4.0,3.0,,,,
08.02.2021,3.0,3.0,3.0,3.0,3.0,3.0,3.0,3.0,3.0,3.0,5.0,3.0,4.0,3.0,2.0,3.0,3.0,3.0,1.0,4.0,4.0,4.0,4.0,,,,,3.0,,3.0,,3.0,3.0,3.0,,3.0,3.0,3.0,3.0,,3.0,3.0,,,5.0,3.0,,,,
09.02.2021,3.0,3.0,3.0,3.0,3.0,,3.0,3.0,3.0,3.0,4.0,3.0,3.0,3.0,2.0,3.0,4.0,3.0,3.0,3.0,4.0,2.0,4.0,4.0,,,,,,3.0,,3.0,3.0,3.0,,3.0,,3.0,,3.0,,,,,5.0,,,,,
10.02.2021,3.0,3.0,3.0,2.0,,3.0,3.0,3.0,3.0,,5.0,3.0,,3.0,2.0,3.0,4.0,2.0,2.0,4.0,4.0,4.0,4.0,3.0,,,,3.0,,,,3.0,,3.0,,,3.0,3.0,3.0,,,4.0,,,5.0,,,,,
11.02.2021,3.0,3.0,3.0,3.0,3.0,3.0,3.0,3.0,3.0,,,2.0,3.0,3.0,2.0,3.0,4.0,3.0,3.0,4.0,4.0,3.0,4.0,,,,,,,3.0,,3.0,3.0,3.0,,,,3.0,,3.0,,4.0,,,4.0,,,,,
12.02.2021,3.0,,3.0,3.0,3.0,3.0,3.0,3.0,3.0,,4.0,,4.0,3.0,3.0,3.0,4.0,3.0,3.0,3.0,,3.0,4.0,4.0,,,,3.0,,3.0,,3.0,3.0,3.0,,,,3.0,3.0,4.0,,4.0,,3.0,5.0,3.0,,,,
13.02.2021,3.0,3.0,3.0,3.0,3.0,4.0,3.0,3.0,3.0,,5.0,3.0,,3.0,2.0,3.0,4.0,3.0,3.0,4.0,4.0,4.0,4.0,4.0,,,,3.0,,3.0,,3.0,3.0,3.0,,3.0,2.0,3.0,,,,4.0,,,5.0,,,,,
14.02.2021,3.0,3.0,3.0,2.0,3.0,3.0,4.0,3.0,3.0,,3.0,3.0,4.0,2.0,3.0,3.0,4.0,3.0,3.0,5.0,4.0,4.0,4.0,,,,,,,3.0,,3.0,3.0,,,,,,3.0,3.0,,3.0,,3.0,5.0,,,,,
15.02.2021,3.0,3.0,3.0,4.0,2.0,3.0,3.0,,3.0,3.0,4.0,3.0,3.0,3.0,2.0,3.0,4.0,3.0,2.0,3.0,4.0,3.0,4.0,,,,,3.0,,,,3.0,3.0,,,,3.0,3.0,3.0,3.0,,3.0,,3.0,4.0,3.0,,,,
16.02.2021,3.0,3.0,3.0,3.0,,3.0,3.0,3.0,3.0,,4.0,3.0,2.0,3.0,2.0,3.0,4.0,3.0,2.0,3.0,,4.0,4.0,,,,,3.0,,,,3.0,3.0,3.0,,,3.0,3.0,3.0,,,4.0,,3.0,5.0,3.0,,,,
17.02.2021,3.0,3.0,3.0,3.0,3.0,3.0,3.0,3.0,3.0,4.0,4.0,3.0,,3.0,1.0,3.0,4.0,3.0,4.0,3.0,4.0,3.0,4.0,,,,,3.0,,3.0,,3.0,3.0,3.0,,,,3.0,,,,5.0,,3.0,4.0,,,,,
18.02.2021,3.0,3.0,3.0,3.0,3.0,3.0,3.0,3.0,3.0,4.0,4.0,3.0,,3.0,2.0,3.0,4.0,2.0,2.0,3.0,3.0,3.0,4.0,,,,,3.0,,,,3.0,3.0,,,,,3.0,,3.0,,4.0,,3.0,5.0,,,,,
19.02.2021,3.0,3.0,3.0,2.0,2.0,3.0,3.0,3.0,3.0,,4.0,3.0,,3.0,2.0,3.0,4.0,3.0,2.0,4.0,4.0,3.0,4.0,,,,,3.0,,3.0,,3.0,3.0,3.0,,,,,,,,4.0,,2.0,5.0,,,,,
20.02.2021,,2.0,3.0,3.0,,4.0,3.0,3.0,,,5.0,3.0,4.0,3.0,1.0,3.0,,3.0,2.0,4.0,3.0,4.0,4.0,,,,,3.0,,3.0,,3.0,3.0,3.0,,,3.0,3.0,3.0,,,4.0,,3.0,4.0,3.0,,,,
21.02.2021,3.0,3.0,3.0,2.0,3.0,4.0,4.0,3.0,3.0,5.0,,3.0,,3.0,2.0,3.0,4.0,2.0,3.0,4.0,,3.0,4.0,,,,,3.0,,3.0,,3.0,3.0,3.0,,,3.0,3.0,3.0,3.0,,,,3.0,4.0,,,,,
22.02.2021,3.0,3.0,3.0,2.0,3.0,4.0,3.0,3.0,3.0,,4.0,3.0,3.0,3.0,1.0,3.0,5.0,3.0,3.0,,4.0,3.0,4.0,,,,,3.0,,3.0,,3.0,3.0,2.0,,,,3.0,3.0,3.0,,4.0,,3.0,4.0,,,,,
23.02.2021,3.0,3.0,3.0,3.0,,3.0,3.0,3.0,3.0,,4.0,3.0,3.0,2.0,,3.0,4.0,3.0,4.0,5.0,3.0,3.0,4.0,,,,,3.0,,3.0,,3.0,3.0,,,3.0,3.0,3.0,3.0,,3.0,4.0,,3.0,4.0,,,,,
24.02.2021,,3.0,3.0,2.0,3.0,4.0,3.0,3.0,2.0,,4.0,3.0,,3.0,2.0,3.0,4.0,3.0,4.0,4.0,,3.0,,,,,,3.0,,3.0,,3.0,3.0,2.0,,3.0,3.0,3.0,3.0,3.0,,4.0,,3.0,4.0,3.0,,,,
25.02.2021,3.0,3.0,3.0,3.0,,4.0,3.0,3.0,3.0,,4.0,2.0,,3.0,2.0,,4.0,3.0,3.0,4.0,3.0,4.0,4.0,,,,,3.0,,3.0,,3.0,3.0,3.0,,3.0,3.0,3.0,3.0,,,4.0,,3.0,4.0,,,,,
26.02.2021,3.0,3.0,3.0,4.0,,,3.0,3.0,3.0,,,2.0,,3.0,,,4.0,3.0,3.0,5.0,4.0,3.0,4.0,,,,,,,3.0,,3.0,3.0,3.0,,,3.0,3.0,3.0,,,4.0,,,4.0,3.0,,,,
27.02.2021,3.0,3.0,3.0,4.0,4.0,4.0,3.0,4.0,,,5.0,4.0,,3.0,,3.0,,3.0,4.0,4.0,,,4.0,,,,,3.0,,,,3.0,3.0,,,,,,,,,,,,5.0,,,,,
28.02.2021,3.0,3.0,3.0,4.0,3.0,,3.0,3.0,3.0,,5.0,3.0,4.0,3.0,3.0,,4.0,3.0,3.0,,,3.0,4.0,,,,,3.0,,3.0,,3.0,3.0,,,,3.0,,,,,4.0,,,,,,,,
01.03.2021,3.0,3.0,3.0,4.0,3.0,3.0,3.0,3.0,3.0,,4.0,3.0,3.0,3.0,,3.0,5.0,3.0,4.0,3.0,,3.0,4.0,4.0,,,,3.0,,3.0,,3.0,3.0,3.0,,,3.0,3.0,3.0,,,4.0,,,4.0,3.0,,,,
02.03.2021,3.0,3.0,3.0,3.0,3.0,3.0,3.0,3.0,3.0,,4.0,3.0,2.0,3.0,1.0,,4.0,3.0,4.0,4.0,4.0,3.0,3.0,4.0,,,,3.0,,3.0,,3.0,3.0,3.0,,3.0,3.0,3.0,3.0,,3.0,4.0,4.0,,4.0,3.0,,,,
03.03.2021,3.0,3.0,3.0,3.0,3.0,3.0,3.0,3.0,3.0,4.0,4.0,2.0,,3.0,2.0,3.0,4.0,3.0,2.0,4.0,,3.0,4.0,,,,,,,,,3.0,3.0,3.0,3.0,3.0,3.0,3.0,,,,3.0,,3.0,5.0,,,,,
04.03.2021,,3.0,3.0,2.0,3.0,3.0,,3.0,3.0,4.0,,2.0,,3.0,,3.0,,3.0,2.0,,3.0,3.0,4.0,,,,,3.0,,3.0,,3.0,3.0,3.0,,3.0,4.0,3.0,3.0,3.0,,4.0,3.0,,4.0,3.0,,,,
05.03.2021,3.0,3.0,3.0,4.0,3.0,4.0,,3.0,3.0,3.0,4.0,3.0,3.0,3.0,2.0,3.0,4.0,3.0,2.0,4.0,,3.0,3.0,,,,,3.0,,3.0,,3.0,3.0,3.0,,3.0,3.0,3.0,3.0,,3.0,3.0,4.0,3.0,4.0,3.0,,,,
06.03.2021,3.0,3.0,3.0,3.0,2.0,4.0,3.0,3.0,3.0,,4.0,3.0,4.0,3.0,2.0,3.0,4.0,3.0,2.0,4.0,,,4.0,,,,,3.0,,,,3.0,3.0,3.0,,3.0,3.0,3.0,3.0,3.0,3.0,3.0,3.0,,4.0,3.0,,,,
07.03.2021,3.0,3.0,3.0,3.0,3.0,,3.0,,3.0,,5.0,,4.0,,2.0,3.0,4.0,3.0,2.0,4.0,3.0,3.0,4.0,,,,,3.0,,3.0,,3.0,3.0,,,,3.0,,,,,3.0,,,4.0,,,,,
08.03.2021,3.0,3.0,3.0,4.0,,3.0,3.0,3.0,3.0,,4.0,2.0,,3.0,3.0,3.0,4.0,3.0,3.0,3.0,,4.0,,,,,,3.0,,3.0,,3.0,3.0,3.0,,3.0,3.0,3.0,3.0,,,4.0,3.0,3.0,4.0,3.0,,,,
09.03.2021,4.0,3.0,3.0,3.0,3.0,3.0,3.0,3.0,3.0,,,3.0,3.0,3.0,2.0,3.0,4.0,3.0,2.0,3.0,,4.0,,4.0,,,,3.0,,3.0,,3.0,3.0,3.0,,3.0,3.0,,3.0,3.0,,4.0,,3.0,4.0,,,,,
10.03.2021,4.0,3.0,3.0,3.0,3.0,3.0,3.0,,3.0,4.0,4.0,4.0,2.0,3.0,3.0,3.0,4.0,3.0,2.0,,3.0,3.0,4.0,4.0,,,,3.0,,3.0,,3.0,3.0,,,3.0,,3.0,,,,4.0,4.0,,4.0,,,,,
11.03.2021,3.0,3.0,3.0,2.0,,3.0,3.0,4.0,3.0,,5.0,,,3.0,3.0,3.0,,3.0,2.0,,4.0,4.0,4.0,4.0,,,,3.0,,3.0,,3.0,3.0,3.0,,3.0,3.0,3.0,3.0,,3.0,4.0,4.0,,4.0,3.0,,,,
12.03.2021,3.0,3.0,3.0,3.0,3.0,4.0,3.0,,3.0,5.0,,4.0,,3.0,3.0,,,3.0,,4.0,3.0,3.0,4.0,4.0,,,,3.0,,3.0,,3.0,3.0,3.0,,3.0,3.0,3.0,3.0,3.0,3.0,4.0,3.0,3.0,4.0,3.0,,,,
13.03.2021,3.0,3.0,3.0,3.0,,3.0,3.0,3.0,3.0,5.0,5.0,2.0,,3.0,4.0,3.0,4.0,3.0,2.0,5.0,,5.0,4.0,,,,,3.0,,3.0,,3.0,3.0,,,3.0,3.0,,,3.0,,4.0,4.0,3.0,4.0,3.0,,,,
14.03.2021,3.0,3.0,3.0,3.0,,3.0,3.0,3.0,3.0,4.0,5.0,3.0,3.0,3.0,2.0,3.0,5.0,3.0,2.0,4.0,4.0,4.0,,,,,,,,3.0,,3.0,3.0,3.0,,3.0,3.0,3.0,,,,,4.0,3.0,4.0,,,,,
15.03.2021,3.0,3.0,3.0,2.0,4.0,4.0,3.0,4.0,3.0,3.0,4.0,3.0,,3.0,2.0,3.0,4.0,3.0,2.0,4.0,3.0,3.0,,,,,,3.0,,3.0,,3.0,3.0,3.0,,3.0,3.0,3.0,3.0,3.0,,4.0,3.0,3.0,4.0,3.0,,,,
16.03.2021,3.0,3.0,3.0,3.0,3.0,,3.0,3.0,3.0,3.0,,3.0,3.0,3.0,2.0,3.0,4.0,3.0,2.0,3.0,4.0,4.0,4.0,,,,,3.0,,3.0,,3.0,3.0,,,3.0,,3.0,,3.0,,4.0,3.0,3.0,4.0,3.0,,,,
17.03.2021,3.0,3.0,3.0,2.0,,3.0,3.0,3.0,3.0,3.0,5.0,4.0,2.0,3.0,1.0,3.0,,3.0,2.0,4.0,3.0,4.0,4.0,,,,,3.0,,3.0,,3.0,3.0,,,,3.0,3.0,,,,4.0,,3.0,4.0,,,,,
18.03.2021,3.0,3.0,3.0,2.0,3.0,3.0,3.0,3.0,3.0,4.0,4.0,4.0,3.0,3.0,2.0,3.0,4.0,3.0,,4.0,3.0,4.0,4.0,,,,,3.0,,3.0,,3.0,3.0,3.0,,3.0,3.0,3.0,3.0,,,4.0,,3.0,4.0,3.0,,,,
19.03.2021,3.0,3.0,3.0,3.0,,3.0,3.0,,3.0,5.0,5.0,5.0,,3.0,3.0,3.0,4.0,3.0,2.0,4.0,3.0,4.0,4.0,,,,,3.0,,3.0,,3.0,3.0,,,3.0,,3.0,3.0,,3.0,,,3.0,4.0,3.0,,,,
20.03.2021,3.0,3.0,3.0,3.0,,4.0,3.0,3.0,3.0,,,4.0,3.0,,,3.0,4.0,3.0,2.0,5.0,4.0,4.0,,,,,,3.0,,3.0,,3.0,3.0,,,3.0,3.0,3.0,3.0,3.0,,4.0,2.0,3.0,3.0,3.0,,,,
21.03.2021,3.0,3.0,3.0,3.0,,3.0,3.0,,3.0,4.0,5.0,4.0,,3.0,,3.0,4.0,2.0,2.0,,4.0,4.0,,,,,,3.0,,3.0,,3.0,3.0,,,3.0,3.0,3.0,,,,4.0,,3.0,4.0,,,,,
22.03.2021,,3.0,3.0,3.0,2.0,3.0,3.0,3.0,3.0,4.0,5.0,,3.0,3.0,,3.0,1.0,2.0,2.0,4.0,4.0,4.0,4.0,,,,,3.0,,3.0,,3.0,3.0,3.0,,3.0,3.0,3.0,3.0,3.0,3.0,4.0,2.0,3.0,4.0,3.0,,,,
23.03.2021,3.0,3.0,3.0,2.0,2.0,3.0,3.0,3.0,2.0,3.0,,3.0,3.0,3.0,2.0,3.0,5.0,3.0,,4.0,4.0,4.0,4.0,,,,,3.0,,3.0,,3.0,3.0,3.0,,3.0,3.0,3.0,3.0,3.0,,4.0,,3.0,4.0,3.0,,,,
24.03.2021,3.0,3.0,3.0,3.0,3.0,,3.0,3.0,4.0,,4.0,3.0,2.0,3.0,4.0,3.0,4.0,3.0,3.0,4.0,4.0,4.0,,,,,,3.0,,3.0,,3.0,3.0,,,,,2.0,,,,4.0,,,4.0,,,,,
25.03.2021,3.0,3.0,3.0,3.0,3.0,4.0,,,3.0,,5.0,3.0,3.0,3.0,2.0,3.0,4.0,3.0,3.0,5.0,4.0,4.0,4.0,,,,,3.0,,3.0,,3.0,3.0,3.0,,3.0,3.0,2.0,3.0,3.0,3.0,4.0,2.0,3.0,3.0,3.0,,,,
26.03.2021,3.0,3.0,3.0,3.0,3.0,3.0,3.0,3.0,3.0,4.0,5.0,2.0,3.0,2.0,3.0,3.0,4.0,3.0,3.0,,4.0,4.0,4.0,,,,,3.0,,3.0,,3.0,3.0,,,3.0,3.0,2.0,,3.0,,,3.0,3.0,2.0,3.0,,,,
27.03.2021,4.0,3.0,3.0,3.0,3.0,3.0,3.0,3.0,3.0,5.0,4.0,2.0,,3.0,3.0,3.0,4.0,3.0,3.0,4.0,4.0,4.0,4.0,,,,,3.0,,3.0,,3.0,3.0,3.0,,,3.0,3.0,3.0,3.0,,4.0,3.0,3.0,3.0,3.0,,,,
28.03.2021,4.0,3.0,3.0,2.0,,3.0,,3.0,,,5.0,3.0,,3.0,2.0,3.0,4.0,3.0,3.0,5.0,4.0,4.0,4.0,,,,,3.0,,3.0,,3.0,,3.0,,,,3.0,,,,4.0,,,4.0,,,,,
29.03.2021,3.0,3.0,3.0,2.0,3.0,3.0,3.0,3.0,3.0,4.0,5.0,3.0,4.0,3.0,2.0,3.0,4.0,3.0,3.0,,4.0,4.0,4.0,,,,,3.0,,3.0,,3.0,3.0,3.0,,,3.0,3.0,3.0,,4.0,4.0,3.0,3.0,4.0,3.0,,,,
30.03.2021,3.0,3.0,3.0,2.0,3.0,3.0,3.0,3.0,,,,3.0,4.0,3.0,2.0,3.0,4.0,,2.0,3.0,3.0,4.0,4.0,,,,,3.0,,3.0,,3.0,3.0,3.0,,,3.0,3.0,3.0,3.0,3.0,4.0,,3.0,4.0,3.0,,,,
31.03.2021,4.0,3.0,3.0,3.0,,4.0,3.0,4.0,3.0,,,4.0,,3.0,3.0,,,3.0,3.0,4.0,4.0,4.0,4.0,,,,,3.0,,3.0,,3.0,3.0,,,3.0,3.0,3.0,,3.0,,3.0,3.0,3.0,4.0,3.0,,,,
01.04.2021,,3.0,3.0,3.0,,3.0,4.0,,,,4.0,,,4.0,4.0,,,3.0,,,,,,,,,,3.0,,3.0,,3.0,,,,,,3.0,,,,,,,5.0,,,,,
02.04.2021,,3.0,,3.0,,3.0,,3.0,,,5.0,4.0,,4.0,,3.0,,3.0,,,,,,,,,,3.0,,,,3.0,,,,,,,,3.0,,,,,5.0,,,,,
03.04.2021,3.0,,,2.0,,,3.0,,3.0,,,4.0,,4.0,,,4.0,3.0,,,5.0,,,,,,,3.0,,,,,,,,,,,,,,,,,5.0,,,,,
04.04.2021,,,,3.0,,3.0,3.0,,3.0,,5.0,4.0,,4.0,,,,,,,,4.0,,,,,,,,,,3.0,,,,,,,,,,,,,5.0,,,,,
05.04.2021,4.0,3.0,,3.0,3.0,3.0,3.0,,,5.0,5.0,4.0,4.0,4.0,,3.0,,,3.0,,4.0,4.0,4.0,,,,,,,3.0,,3.0,3.0,,,,,3.0,,,,,,,5.0,,,,,
06.04.2021,3.0,3.0,,2.0,,3.0,3.0,,3.0,,4.0,3.0,,3.0,3.0,3.0,,,2.0,,4.0,4.0,4.0,,,,,3.0,,3.0,,3.0,3.0,,,,3.0,3.0,,,,4.0,,2.0,5.0,3.0,,,,
07.04.2021,3.0,3.0,,2.0,3.0,3.0,3.0,,3.0,5.0,5.0,3.0,4.0,3.0,3.0,,4.0,,2.0,,4.0,4.0,4.0,4.0,,,,3.0,,3.0,,3.0,3.0,,,,,3.0,,,,4.0,,,5.0,,,,,
08.04.2021,3.0,3.0,3.0,3.0,3.0,3.0,3.0,,,3.0,5.0,3.0,4.0,3.0,3.0,3.0,4.0,,2.0,,,4.0,,4.0,,,,3.0,,3.0,,3.0,3.0,,,3.0,3.0,3.0,,,,4.0,3.0,3.0,4.0,,,,,
09.04.2021,3.0,3.0,3.0,2.0,3.0,3.0,3.0,4.0,3.0,4.0,5.0,3.0,,3.0,1.0,3.0,4.0,,2.0,,,4.0,4.0,4.0,,,,3.0,,3.0,,3.0,3.0,,,3.0,,3.0,3.0,,,4.0,,3.0,5.0,3.0,,,,
10.04.2021,3.0,3.0,3.0,2.0,3.0,3.0,3.0,3.0,3.0,4.0,4.0,4.0,,3.0,1.0,,4.0,,2.0,,4.0,4.0,,,,,,,,3.0,,3.0,3.0,,,3.0,3.0,3.0,3.0,,,4.0,3.0,3.0,4.0,3.0,,,,
11.04.2021,3.0,3.0,3.0,2.0,,3.0,4.0,3.0,3.0,5.0,5.0,3.0,,3.0,,3.0,4.0,,,,4.0,4.0,4.0,,,,,3.0,,3.0,,3.0,,,,,,,,,,4.0,,,5.0,,,,,
12.04.2021,3.0,3.0,3.0,3.0,3.0,3.0,3.0,,,2.0,5.0,3.0,,3.0,1.0,3.0,4.0,,2.0,,5.0,4.0,4.0,,,,,3.0,,3.0,,3.0,3.0,3.0,,3.0,3.0,3.0,3.0,3.0,,4.0,3.0,3.0,4.0,3.0,,,,
13.04.2021,3.0,3.0,3.0,3.0,3.0,3.0,,3.0,3.0,,5.0,3.0,,3.0,3.0,3.0,3.0,,2.0,,2.0,4.0,4.0,4.0,,,,3.0,,3.0,,3.0,3.0,3.0,,,,3.0,,3.0,,4.0,,,4.0,3.0,,,,
14.04.2021,3.0,3.0,3.0,3.0,3.0,3.0,3.0,3.0,,,5.0,3.0,,3.0,2.0,3.0,4.0,,2.0,,4.0,4.0,3.0,,,,,3.0,,3.0,,,3.0,,,,,,,,,4.0,,,4.0,,,,,
15.04.2021,3.0,3.0,3.0,3.0,,3.0,3.0,3.0,3.0,,5.0,3.0,,3.0,,3.0,,,2.0,,4.0,4.0,3.0,,,,,3.0,,3.0,,3.0,3.0,3.0,,3.0,3.0,3.0,,3.0,,3.0,3.0,2.0,4.0,3.0,,,,
16.04.2021,3.0,3.0,3.0,3.0,3.0,3.0,3.0,3.0,3.0,,5.0,4.0,,3.0,,3.0,,,,4.0,4.0,,,,,,,3.0,,3.0,,3.0,3.0,3.0,,3.0,,3.0,3.0,,,4.0,3.0,2.0,3.0,3.0,,,,
17.04.2021,3.0,3.0,3.0,3.0,3.0,3.0,3.0,3.0,3.0,,4.0,4.0,,3.0,,3.0,,,3.0,,4.0,,4.0,3.0,,,,3.0,,3.0,,3.0,3.0,3.0,,2.0,,3.0,3.0,3.0,,4.0,3.0,3.0,4.0,3.0,,,,
18.04.2021,3.0,3.0,3.0,2.0,,3.0,3.0,3.0,3.0,,5.0,4.0,,3.0,,3.0,,,,,5.0,4.0,4.0,,,,,3.0,,3.0,,3.0,3.0,,,,,,,,,4.0,3.0,,3.0,,,,,
19.04.2021,3.0,3.0,3.0,3.0,3.0,3.0,3.0,3.0,3.0,,5.0,3.0,,3.0,,3.0,,,2.0,4.0,,4.0,4.0,4.0,,,,3.0,,3.0,,3.0,3.0,3.0,,3.0,3.0,3.0,3.0,3.0,,4.0,3.0,,4.0,3.0,,,,
20.04.2021,3.0,3.0,3.0,3.0,3.0,3.0,3.0,3.0,,4.0,,4.0,3.0,3.0,3.0,3.0,4.0,,2.0,5.0,4.0,4.0,4.0,4.0,,,,3.0,,3.0,,3.0,3.0,3.0,,,3.0,2.0,3.0,,,4.0,3.0,2.0,3.0,3.0,,,,
21.04.2021,,3.0,3.0,3.0,3.0,4.0,3.0,,3.0,,5.0,3.0,,3.0,,3.0,5.0,,2.0,5.0,4.0,4.0,4.0,4.0,,,,3.0,,3.0,,3.0,3.0,3.0,,,3.0,,3.0,3.0,,3.0,,3.0,3.0,3.0,,,,
22.04.2021,,3.0,3.0,3.0,3.0,3.0,3.0,3.0,3.0,5.0,4.0,3.0,4.0,3.0,3.0,3.0,4.0,,2.0,,4.0,4.0,4.0,,,,,,,3.0,,3.0,3.0,3.0,,,3.0,2.0,3.0,,,,,,3.0,,,,,
23.04.2021,,3.0,3.0,3.0,3.0,3.0,3.0,,3.0,4.0,,3.0,,3.0,2.0,3.0,,,2.0,,,4.0,4.0,4.0,,,,3.0,,3.0,,3.0,3.0,3.0,,,,,,,,,,,3.0,3.0,,,,
24.04.2021,3.0,3.0,3.0,3.0,,3.0,3.0,3.0,3.0,,,4.0,,3.0,,3.0,,,2.0,,3.0,4.0,4.0,,,,,3.0,,3.0,,3.0,3.0,,,,,,,,,,,,4.0,,,,,
25.04.2021,,3.0,3.0,3.0,,3.0,3.0,,3.0,,4.0,4.0,,3.0,,3.0,,,2.0,5.0,4.0,4.0,4.0,,,,,3.0,,3.0,,3.0,3.0,,,,,3.0,,,,,,,4.0,,,,,
26.04.2021,4.0,3.0,3.0,3.0,3.0,3.0,3.0,3.0,3.0,,4.0,4.0,3.0,2.0,,3.0,5.0,3.0,2.0,4.0,4.0,4.0,4.0,,,,,3.0,,3.0,,3.0,3.0,3.0,,3.0,3.0,,3.0,3.0,,4.0,,3.0,4.0,3.0,,,,
27.04.2021,3.0,3.0,3.0,3.0,3.0,3.0,3.0,,3.0,,4.0,4.0,,2.0,,3.0,4.0,3.0,2.0,4.0,4.0,4.0,4.0,,,,,,,3.0,,3.0,3.0,3.0,,3.0,3.0,3.0,3.0,3.0,,4.0,,3.0,3.0,3.0,,,,
28.04.2021,3.0,3.0,3.0,2.0,2.0,3.0,3.0,3.0,3.0,,4.0,4.0,3.0,2.0,2.0,3.0,,3.0,2.0,,4.0,,4.0,,,,,3.0,,,,3.0,3.0,,,3.0,3.0,3.0,,,,4.0,,,2.0,,,,,
29.04.2021,,3.0,3.0,3.0,,3.0,3.0,3.0,3.0,3.0,5.0,3.0,,3.0,,3.0,4.0,4.0,2.0,5.0,4.0,4.0,4.0,,,,,3.0,,3.0,,,3.0,3.0,,3.0,3.0,3.0,,,,4.0,3.0,3.0,2.0,3.0,,,,
30.04.2021,3.0,3.0,3.0,2.0,3.0,3.0,3.0,3.0,3.0,,4.0,4.0,3.0,3.0,,3.0,4.0,3.0,2.0,,4.0,,3.0,,,,,,,3.0,,3.0,3.0,,,3.0,3.0,3.0,3.0,3.0,,4.0,3.0,3.0,3.0,3.0,,,,
01.05.2021,,3.0,3.0,3.0,3.0,3.0,3.0,,3.0,,,4.0,4.0,3.0,2.0,,,,2.0,,4.0,4.0,,,,,,3.0,,3.0,,,3.0,3.0,,3.0,3.0,,,,,4.0,3.0,3.0,2.0,3.0,,,,
02.05.2021,4.0,3.0,3.0,4.0,3.0,3.0,3.0,,3.0,5.0,4.0,4.0,4.0,3.0,,3.0,,,2.0,4.0,4.0,,4.0,,,,,3.0,,3.0,,3.0,3.0,,,,3.0,,,,,,,,3.0,,,,,
03.05.2021,3.0,3.0,3.0,3.0,,3.0,,3.0,3.0,,4.0,3.0,3.0,3.0,,3.0,4.0,,2.0,5.0,3.0,4.0,4.0,,,,,3.0,,3.0,,3.0,3.0,3.0,,3.0,3.0,3.0,,,,4.0,3.0,3.0,3.0,3.0,,,,
04.05.2021,3.0,3.0,3.0,3.0,3.0,3.0,,,3.0,,4.0,4.0,,3.0,,3.0,,,1.0,4.0,4.0,,4.0,,,,,3.0,,3.0,,3.0,3.0,3.0,,3.0,3.0,3.0,,,,4.0,,3.0,2.0,3.0,,,,
05.05.2021,4.0,3.0,3.0,2.0,3.0,,3.0,3.0,3.0,,4.0,4.0,,3.0,2.0,,4.0,3.0,2.0,,,4.0,4.0,,,,,3.0,,3.0,,3.0,3.0,3.0,,3.0,3.0,3.0,,,,4.0,3.0,3.0,2.0,3.0,,,,
06.05.2021,3.0,3.0,3.0,3.0,3.0,3.0,3.0,3.0,3.0,,,4.0,4.0,3.0,,3.0,4.0,,,4.0,4.0,,4.0,,,,,,,3.0,,3.0,3.0,3.0,,3.0,,,3.0,,,3.0,,3.0,3.0,,,,,
07.05.2021,3.0,3.0,3.0,3.0,,3.0,3.0,3.0,3.0,,,4.0,,3.0,,,4.0,,,,4.0,4.0,4.0,,,,,3.0,,3.0,,3.0,3.0,3.0,,3.0,3.0,3.0,,3.0,,3.0,2.0,3.0,2.0,3.0,,,,
08.05.2021,3.0,3.0,3.0,3.0,,,3.0,,3.0,,5.0,4.0,,3.0,,3.0,,,,,,,4.0,,,,,3.0,,3.0,,3.0,3.0,,,3.0,3.0,3.0,,3.0,,3.0,,3.0,3.0,,,,,
09.05.2021,3.0,3.0,3.0,3.0,,3.0,3.0,,3.0,,5.0,3.0,,3.0,,3.0,4.0,,3.0,,,4.0,4.0,,,,,3.0,,3.0,,3.0,3.0,,,,3.0,3.0,3.0,,,4.0,,,4.0,,,,,
10.05.2021,3.0,2.0,3.0,3.0,,3.0,3.0,3.0,,,5.0,3.0,,3.0,,3.0,4.0,3.0,2.0,4.0,4.0,4.0,4.0,,,,,3.0,,3.0,,3.0,3.0,3.0,,3.0,3.0,3.0,3.0,3.0,,2.0,,3.0,4.0,3.0,,,,
11.05.2021,3.0,3.0,3.0,2.0,,3.0,3.0,,3.0,3.0,4.0,3.0,,3.0,,3.0,4.0,3.0,2.0,,4.0,4.0,4.0,,,,,,,3.0,,3.0,3.0,3.0,,3.0,3.0,3.0,3.0,,,2.0,3.0,3.0,4.0,3.0,,,,
12.05.2021,3.0,3.0,3.0,4.0,3.0,3.0,3.0,,3.0,,,2.0,,2.0,,3.0,4.0,3.0,2.0,,3.0,4.0,4.0,,,,,3.0,,3.0,,3.0,3.0,3.0,,3.0,3.0,3.0,3.0,3.0,,3.0,,3.0,4.0,,,,,
13.05.2021,4.0,3.0,3.0,3.0,3.0,3.0,4.0,3.0,3.0,,5.0,4.0,5.0,3.0,,3.0,4.0,3.0,2.0,5.0,4.0,4.0,4.0,,,,,3.0,,3.0,,3.0,3.0,,,,3.0,3.0,,,,3.0,,,3.0,,,,,
14.05.2021,3.0,3.0,3.0,2.0,3.0,3.0,3.0,3.0,,,4.0,4.0,,4.0,,3.0,4.0,3.0,2.0,4.0,4.0,4.0,4.0,,,,,3.0,,3.0,,3.0,3.0,3.0,,3.0,3.0,3.0,3.0,,,3.0,3.0,3.0,3.0,3.0,,,,
15.05.2021,3.0,3.0,3.0,2.0,,3.0,3.0,4.0,3.0,,4.0,3.0,4.0,2.0,,3.0,,3.0,2.0,,4.0,,4.0,,,,,3.0,,3.0,,3.0,3.0,3.0,,,3.0,3.0,3.0,3.0,,4.0,3.0,3.0,3.0,3.0,,,,
16.05.2021,3.0,3.0,3.0,3.0,3.0,3.0,4.0,3.0,4.0,,,3.0,,3.0,,,,,2.0,,3.0,4.0,4.0,,,,,3.0,,,,3.0,3.0,,,,,,,,,4.0,,,3.0,,,,,
17.05.2021,3.0,3.0,3.0,3.0,3.0,3.0,3.0,3.0,3.0,,4.0,3.0,4.0,2.0,,3.0,,,2.0,5.0,4.0,3.0,,,,,,3.0,,3.0,,,3.0,,,,,3.0,,,,,,,3.0,,,,,
18.05.2021,3.0,3.0,3.0,2.0,3.0,3.0,3.0,,3.0,,4.0,2.0,4.0,3.0,,3.0,4.0,3.0,2.0,4.0,2.0,4.0,,,,,,3.0,,3.0,,3.0,3.0,2.0,,,3.0,,,,,4.0,,3.0,3.0,3.0,,,,
19.05.2021,3.0,3.0,3.0,3.0,3.0,3.0,3.0,3.0,3.0,,4.0,4.0,,3.0,,3.0,4.0,3.0,,4.0,4.0,,4.0,4.0,,,,3.0,,3.0,,3.0,3.0,2.0,,,3.0,3.0,,3.0,,4.0,,2.0,2.0,3.0,,,,
20.05.2021,3.0,3.0,3.0,3.0,,3.0,3.0,3.0,3.0,,5.0,3.0,3.0,3.0,,,,,2.0,,4.0,,4.0,4.0,,,,3.0,,3.0,,3.0,,,,,3.0,3.0,,,,4.0,,,3.0,,,,,
21.05.2021,4.0,3.0,3.0,3.0,3.0,3.0,3.0,4.0,3.0,,5.0,3.0,3.0,3.0,,,4.0,,2.0,4.0,4.0,4.0,4.0,4.0,,,,3.0,,3.0,,3.0,3.0,3.0,,3.0,3.0,3.0,3.0,3.0,,4.0,3.0,3.0,3.0,3.0,,,,
22.05.2021,3.0,3.0,3.0,,,3.0,3.0,,,,5.0,3.0,,2.0,,3.0,4.0,,2.0,,4.0,4.0,4.0,3.0,,,,3.0,,3.0,,3.0,3.0,,,,3.0,3.0,,,,,3.0,3.0,4.0,,,,,
23.05.2021,3.0,3.0,3.0,3.0,,3.0,3.0,,3.0,,4.0,3.0,4.0,3.0,,,4.0,,4.0,,5.0,,4.0,4.0,,,,3.0,,3.0,,3.0,3.0,,,,3.0,3.0,3.0,,,,,,3.0,,,,,
24.05.2021,3.0,3.0,3.0,,3.0,,3.0,3.0,3.0,,4.0,3.0,4.0,3.0,,3.0,4.0,,2.0,4.0,4.0,4.0,4.0,4.0,,,,3.0,,3.0,,3.0,3.0,3.0,,3.0,3.0,3.0,3.0,,,3.0,,3.0,3.0,3.0,,,,
25.05.2021,3.0,3.0,3.0,2.0,3.0,3.0,3.0,,3.0,,4.0,4.0,3.0,3.0,,,4.0,,2.0,,4.0,4.0,4.0,4.0,,,,3.0,,3.0,,3.0,3.0,3.0,,3.0,3.0,3.0,3.0,3.0,,,,3.0,3.0,3.0,,,,
26.05.2021,3.0,3.0,3.0,3.0,,3.0,3.0,3.0,3.0,,5.0,5.0,4.0,3.0,,3.0,,,2.0,4.0,4.0,4.0,4.0,4.0,,,,3.0,,3.0,,3.0,3.0,3.0,,3.0,3.0,3.0,,3.0,,4.0,,3.0,3.0,3.0,,,,
27.05.2021,4.0,3.0,3.0,2.0,,2.0,3.0,,3.0,,4.0,5.0,,3.0,,,5.0,,2.0,4.0,4.0,,4.0,4.0,,,,3.0,,3.0,,3.0,3.0,,,,3.0,3.0,,3.0,,4.0,,,3.0,,,,,
28.05.2021,4.0,3.0,3.0,2.0,3.0,3.0,3.0,,3.0,,4.0,4.0,3.0,3.0,,3.0,,,3.0,3.0,4.0,4.0,,4.0,,,,3.0,,3.0,,3.0,3.0,3.0,,,3.0,3.0,3.0,3.0,,4.0,3.0,,3.0,3.0,,,,
29.05.2021,,3.0,3.0,3.0,2.0,3.0,3.0,,,,5.0,4.0,,3.0,,3.0,,,2.0,,4.0,,4.0,4.0,,,,3.0,,3.0,,3.0,3.0,,,3.0,3.0,3.0,3.0,3.0,,4.0,,3.0,4.0,,,,,
30.05.2021,4.0,3.0,3.0,3.0,,3.0,4.0,,3.0,,4.0,5.0,,3.0,,3.0,4.0,,,4.0,4.0,4.0,4.0,4.0,,,,3.0,,3.0,,3.0,,3.0,,,3.0,,,3.0,,,,,4.0,,,,,
31.05.2021,4.0,3.0,3.0,3.0,3.0,,3.0,,3.0,,4.0,5.0,,3.0,,3.0,4.0,,2.0,4.0,3.0,4.0,4.0,4.0,,,,3.0,,3.0,,3.0,3.0,3.0,,3.0,3.0,3.0,3.0,3.0,,4.0,3.0,,4.0,3.0,,,,
01.06.2021,,3.0,3.0,2.0,3.0,3.0,3.0,,,,4.0,4.0,3.0,3.0,,3.0,4.0,,,4.0,4.0,4.0,4.0,,,,,3.0,,3.0,,3.0,3.0,3.0,,3.0,,3.0,3.0,3.0,,4.0,3.0,3.0,3.0,3.0,,,,
02.06.2021,3.0,3.0,3.0,3.0,3.0,3.0,3.0,3.0,3.0,,5.0,4.0,4.0,2.0,,3.0,4.0,,2.0,,4.0,4.0,4.0,4.0,,,,3.0,,3.0,,3.0,3.0,3.0,,3.0,3.0,3.0,,3.0,,4.0,3.0,3.0,3.0,3.0,3.0,,,
03.06.2021,3.0,3.0,3.0,3.0,,4.0,3.0,,3.0,,4.0,5.0,,3.0,,3.0,4.0,,,5.0,2.0,4.0,4.0,4.0,,,,3.0,,3.0,,3.0,3.0,,,,3.0,3.0,,,,,,,3.0,,3.0,,,
04.06.2021,3.0,3.0,3.0,4.0,3.0,3.0,3.0,,3.0,,4.0,5.0,,3.0,,3.0,4.0,,2.0,3.0,3.0,,4.0,,,,,3.0,,3.0,,3.0,3.0,3.0,,3.0,3.0,3.0,3.0,,,4.0,,3.0,3.0,3.0,3.0,,,
05.06.2021,,3.0,3.0,3.0,3.0,3.0,3.0,,,,5.0,5.0,,3.0,,3.0,,,2.0,,3.0,4.0,4.0,3.0,,,,3.0,,3.0,,3.0,3.0,3.0,,,3.0,,3.0,,,4.0,,3.0,3.0,3.0,3.0,,,
06.06.2021,3.0,3.0,3.0,3.0,3.0,3.0,3.0,,3.0,,4.0,4.0,,3.0,,3.0,,,2.0,,2.0,,4.0,3.0,,,,3.0,,3.0,,3.0,,,,,,3.0,,,,,,,3.0,,,,,
07.06.2021,,3.0,3.0,3.0,3.0,3.0,3.0,,3.0,,5.0,4.0,,3.0,,3.0,,,2.0,,4.0,4.0,4.0,4.0,,,,3.0,,3.0,,3.0,3.0,,,3.0,,,,,,3.0,,3.0,4.0,,3.0,,,
08.06.2021,,3.0,3.0,3.0,3.0,3.0,3.0,,,,4.0,2.0,4.0,3.0,,3.0,4.0,,2.0,,4.0,3.0,4.0,3.0,,,,,,3.0,,3.0,3.0,,,,,3.0,,,,4.0,,3.0,4.0,,,,,
09.06.2021,3.0,3.0,3.0,3.0,3.0,3.0,3.0,,,,4.0,3.0,,3.0,,3.0,4.0,,2.0,,4.0,4.0,4.0,,3.0,3.0,,,,3.0,,3.0,3.0,,,,,3.0,,,,4.0,,3.0,4.0,,,,,
10.06.2021,,3.0,3.0,3.0,3.0,3.0,3.0,3.0,3.0,,4.0,3.0,,4.0,,3.0,,,2.0,,4.0,,4.0,4.0,3.0,4.0,,,,3.0,,3.0,3.0,,,,,3.0,,,,,,,4.0,,,,,
11.06.2021,4.0,3.0,3.0,3.0,,3.0,3.0,,3.0,,4.0,4.0,,3.0,,,,,1.0,,,,4.0,,,5.0,,3.0,,3.0,,3.0,3.0,,,,,3.0,,,,,,,5.0,,,,,
12.06.2021,,,3.0,3.0,,3.0,3.0,,,,,4.0,,3.0,,3.0,,,3.0,,4.0,4.0,4.0,,,4.0,,,,3.0,,3.0,3.0,,,,,,,,,,,,5.0,,,,,
13.06.2021,3.0,3.0,3.0,3.0,,3.0,3.0,,3.0,,4.0,4.0,,4.0,,3.0,,,,,,,4.0,4.0,,5.0,,,,3.0,,3.0,3.0,,,,,,,,,,,,5.0,,,,,
14.06.2021,3.0,3.0,3.0,3.0,3.0,3.0,3.0,3.0,,,4.0,5.0,,4.0,,,,,4.0,,,,4.0,4.0,,4.0,,,,3.0,,3.0,3.0,,,,,3.0,,,,4.0,,3.0,3.0,,,,,
15.06.2021,3.0,,3.0,3.0,3.0,3.0,3.0,3.0,3.0,,4.0,5.0,,3.0,,,4.0,,3.0,,4.0,4.0,4.0,4.0,3.0,4.0,,,,3.0,,3.0,3.0,,,,,3.0,,,,3.0,,3.0,3.0,,,,,
16.06.2021,4.0,3.0,3.0,3.0,3.0,3.0,3.0,,3.0,,4.0,5.0,3.0,3.0,,,4.0,,2.0,,,,4.0,4.0,3.0,5.0,,,,3.0,,3.0,3.0,,,,,,,,,3.0,,,4.0,,,,,
17.06.2021,4.0,3.0,3.0,2.0,,3.0,3.0,3.0,3.0,,4.0,5.0,,3.0,,,,,3.0,,4.0,2.0,4.0,4.0,,3.0,,,,3.0,,,3.0,,,3.0,,3.0,,,,3.0,,3.0,4.0,3.0,,,,
18.06.2021,3.0,3.0,3.0,3.0,3.0,3.0,3.0,3.0,3.0,,4.0,5.0,3.0,3.0,3.0,,4.0,,2.0,4.0,5.0,4.0,4.0,4.0,3.0,5.0,,,,3.0,,,3.0,,,,,2.0,3.0,,,4.0,,3.0,4.0,3.0,,,,
19.06.2021,3.0,3.0,3.0,3.0,3.0,3.0,3.0,3.0,3.0,,4.0,5.0,,4.0,3.0,,,,2.0,4.0,4.0,4.0,4.0,4.0,,4.0,,,,3.0,,3.0,3.0,,,,,,,,,3.0,,,4.0,,,,,
20.06.2021,3.0,3.0,3.0,3.0,,3.0,3.0,,,,4.0,5.0,4.0,3.0,4.0,,4.0,,,,3.0,,,4.0,,3.0,,,,3.0,,3.0,3.0,,,,3.0,3.0,,3.0,,,3.0,3.0,4.0,3.0,3.0,,,
21.06.2021,3.0,3.0,3.0,3.0,2.0,3.0,3.0,3.0,3.0,,4.0,5.0,3.0,3.0,2.0,,4.0,,3.0,3.0,4.0,4.0,4.0,4.0,3.0,4.0,,3.0,,3.0,,3.0,3.0,3.0,,3.0,3.0,3.0,3.0,3.0,,4.0,3.0,3.0,3.0,3.0,3.0,,,
22.06.2021,4.0,3.0,3.0,3.0,3.0,3.0,3.0,3.0,3.0,,4.0,4.0,3.0,3.0,2.0,,4.0,,3.0,,4.0,4.0,4.0,4.0,,4.0,,3.0,,3.0,,3.0,3.0,,,3.0,3.0,3.0,,3.0,,4.0,3.0,,4.0,3.0,3.0,,,
23.06.2021,3.0,3.0,3.0,3.0,3.0,3.0,3.0,,3.0,,4.0,4.0,4.0,3.0,3.0,,3.0,,3.0,5.0,4.0,4.0,4.0,4.0,,4.0,,3.0,,3.0,,3.0,3.0,2.0,,,3.0,3.0,3.0,3.0,,3.0,,3.0,5.0,3.0,3.0,,,
24.06.2021,3.0,3.0,3.0,4.0,3.0,3.0,3.0,3.0,3.0,,4.0,3.0,2.0,3.0,4.0,,4.0,,2.0,3.0,4.0,4.0,4.0,4.0,,5.0,,,,3.0,,3.0,,2.0,,,3.0,3.0,,,,,,,4.0,,,,,
25.06.2021,,3.0,3.0,3.0,3.0,3.0,3.0,3.0,3.0,,4.0,3.0,3.0,3.0,3.0,,4.0,,2.0,3.0,4.0,4.0,4.0,4.0,3.0,4.0,,,,3.0,,3.0,3.0,2.0,,3.0,3.0,3.0,,,,3.0,,3.0,4.0,3.0,3.0,,,
26.06.2021,3.0,3.0,3.0,3.0,3.0,3.0,3.0,,3.0,,4.0,3.0,4.0,3.0,3.0,,,,2.0,,4.0,3.0,,4.0,,3.0,,,,3.0,,3.0,3.0,,,,3.0,3.0,3.0,3.0,,4.0,,3.0,4.0,,3.0,,,
27.06.2021,3.0,3.0,3.0,3.0,3.0,3.0,4.0,,3.0,,4.0,4.0,4.0,3.0,3.0,,4.0,,2.0,3.0,,4.0,4.0,4.0,,3.0,,3.0,,3.0,,3.0,3.0,,,,3.0,3.0,,,,4.0,,3.0,4.0,3.0,,,,
28.06.2021,3.0,3.0,3.0,,3.0,3.0,3.0,3.0,3.0,,,,2.0,3.0,3.0,,4.0,,2.0,2.0,3.0,3.0,,4.0,3.0,4.0,,3.0,,3.0,,,3.0,,,,3.0,3.0,,,,,,,4.0,,,,,
29.06.2021,3.0,3.0,3.0,3.0,3.0,3.0,3.0,3.0,3.0,,4.0,4.0,,3.0,2.0,,4.0,,2.0,4.0,4.0,4.0,4.0,4.0,3.0,4.0,,,,3.0,,3.0,3.0,3.0,,,3.0,,,,,4.0,,3.0,4.0,3.0,3.0,,,
30.06.2021,3.0,3.0,3.0,3.0,3.0,3.0,3.0,,3.0,,4.0,2.0,,3.0,2.0,,4.0,,2.0,4.0,4.0,4.0,4.0,4.0,3.0,4.0,,3.0,,3.0,,3.0,3.0,3.0,,,3.0,2.0,3.0,3.0,,4.0,,3.0,4.0,,3.0,,,
01.07.2021,3.0,3.0,3.0,3.0,3.0,3.0,3.0,3.0,3.0,,4.0,4.0,3.0,3.0,,,4.0,,3.0,3.0,3.0,4.0,4.0,4.0,3.0,3.0,,3.0,,3.0,,3.0,3.0,3.0,,,3.0,3.0,3.0,,,4.0,,3.0,4.0,3.0,3.0,,,
02.07.2021,3.0,3.0,3.0,3.0,3.0,3.0,3.0,3.0,3.0,,4.0,4.0,4.0,3.0,,,,,3.0,4.0,4.0,4.0,4.0,4.0,3.0,3.0,,,,3.0,,3.0,3.0,3.0,,,3.0,3.0,,,,4.0,,,4.0,,,,,
03.07.2021,3.0,3.0,3.0,2.0,3.0,3.0,3.0,3.0,3.0,,4.0,4.0,4.0,3.0,2.0,,,,3.0,,4.0,4.0,4.0,4.0,3.0,3.0,,3.0,,3.0,,3.0,3.0,,,,,3.0,3.0,,,4.0,,3.0,4.0,3.0,3.0,,,
04.07.2021,3.0,3.0,3.0,2.0,3.0,3.0,3.0,3.0,3.0,,,4.0,4.0,3.0,3.0,,,,3.0,3.0,4.0,4.0,4.0,4.0,4.0,3.0,,,,3.0,,3.0,3.0,3.0,,,3.0,3.0,,3.0,,,,3.0,4.0,3.0,3.0,,,
05.07.2021,3.0,3.0,3.0,3.0,3.0,3.0,3.0,,3.0,,4.0,3.0,3.0,3.0,4.0,,3.0,,3.0,3.0,4.0,4.0,,4.0,,4.0,,3.0,,3.0,,3.0,3.0,,,,,3.0,,,,,,,4.0,,,,,
06.07.2021,3.0,3.0,3.0,3.0,3.0,3.0,3.0,3.0,3.0,,4.0,4.0,2.0,3.0,,3.0,4.0,,2.0,,4.0,4.0,4.0,4.0,,3.0,,3.0,,3.0,,3.0,3.0,3.0,3.0,3.0,3.0,,3.0,4.0,,,,3.0,4.0,3.0,3.0,,,
07.07.2021,2.0,3.0,3.0,2.0,3.0,3.0,3.0,3.0,3.0,,4.0,2.0,3.0,4.0,3.0,3.0,4.0,,2.0,5.0,4.0,4.0,4.0,4.0,4.0,4.0,,,,3.0,,3.0,3.0,2.0,3.0,3.0,3.0,3.0,,3.0,,,,3.0,4.0,3.0,3.0,3.0,,
08.07.2021,,3.0,3.0,4.0,3.0,3.0,3.0,3.0,3.0,,4.0,5.0,2.0,3.0,,3.0,4.0,,2.0,4.0,4.0,4.0,4.0,4.0,3.0,4.0,,,,3.0,,3.0,3.0,3.0,,,3.0,,,,,,,,4.0,,,3.0,,
09.07.2021,3.0,3.0,3.0,4.0,3.0,3.0,3.0,3.0,3.0,,4.0,4.0,3.0,3.0,,2.0,4.0,,3.0,3.0,4.0,,,4.0,4.0,4.0,,3.0,,3.0,,3.0,3.0,3.0,3.0,3.0,3.0,3.0,,3.0,,,,3.0,4.0,3.0,3.0,3.0,,
10.07.2021,3.0,3.0,3.0,4.0,2.0,3.0,3.0,4.0,3.0,3.0,4.0,4.0,2.0,3.0,,2.0,4.0,,3.0,4.0,4.0,4.0,4.0,4.0,,4.0,,,,3.0,,,3.0,2.0,,,3.0,,3.0,,,,,,4.0,,,,,
11.07.2021,3.0,3.0,3.0,3.0,3.0,3.0,3.0,3.0,3.0,,4.0,4.0,3.0,3.0,,2.0,4.0,,2.0,,4.0,4.0,4.0,4.0,,4.0,,3.0,,3.0,4.0,,,3.0,3.0,,,,3.0,3.0,,,,3.0,4.0,3.0,3.0,4.0,,
12.07.2021,3.0,4.0,3.0,2.0,3.0,3.0,3.0,3.0,3.0,4.0,4.0,4.0,4.0,3.0,,2.0,4.0,,3.0,,3.0,4.0,4.0,4.0,,4.0,,3.0,,3.0,,3.0,3.0,,,,3.0,3.0,,,,,,,4.0,,,,,
13.07.2021,3.0,3.0,3.0,2.0,3.0,3.0,3.0,3.0,3.0,4.0,4.0,4.0,4.0,3.0,3.0,,4.0,,2.0,4.0,4.0,2.0,4.0,4.0,3.0,4.0,,3.0,,3.0,3.0,3.0,3.0,3.0,3.0,3.0,3.0,3.0,3.0,,,,,3.0,4.0,3.0,,3.0,,
14.07.2021,3.0,3.0,3.0,3.0,3.0,3.0,3.0,3.0,3.0,,4.0,2.0,4.0,3.0,3.0,2.0,4.0,,2.0,4.0,4.0,4.0,4.0,4.0,3.0,4.0,,,,3.0,,3.0,2.0,3.0,3.0,,3.0,,,,,,,3.0,4.0,3.0,,,,
15.07.2021,,3.0,3.0,3.0,3.0,3.0,3.0,3.0,2.0,,,4.0,4.0,3.0,,2.0,4.0,,2.0,4.0,3.0,4.0,4.0,4.0,3.0,4.0,,,,,,,3.0,,,,,3.0,,,,,,,4.0,,,,,
16.07.2021,,3.0,3.0,3.0,3.0,3.0,3.0,3.0,2.0,5.0,4.0,4.0,4.0,4.0,,2.0,4.0,,3.0,4.0,4.0,4.0,4.0,4.0,,4.0,,,,,,,,,,,,,,,,,,,4.0,,,,,
17.07.2021,,3.0,3.0,3.0,3.0,3.0,3.0,3.0,2.0,4.0,4.0,4.0,,3.0,,3.0,4.0,,2.0,,,,4.0,4.0,,4.0,,,,,,,,,,,,,,,,,,,4.0,,,,,
18.07.2021,,3.0,3.0,4.0,3.0,3.0,3.0,4.0,2.0,,5.0,5.0,,4.0,,3.0,4.0,,3.0,,,,,4.0,,4.0,,,,,3.0,,,,,,,,,,,,,,4.0,,,,,
19.07.2021,,3.0,3.0,2.0,4.0,3.0,3.0,,2.0,,4.0,5.0,,4.0,,2.0,4.0,,3.0,,,,4.0,4.0,,5.0,,,,,3.0,,,,,,,,,,,,,,4.0,,,,,
20.07.2021,,3.0,3.0,2.0,3.0,3.0,3.0,3.0,2.0,,,4.0,,4.0,,3.0,4.0,,2.0,,4.0,,,4.0,,5.0,,,,,3.0,,,,,,,,,,,,,,5.0,,,,,
21.07.2021,,3.0,3.0,3.0,4.0,3.0,3.0,,3.0,,4.0,2.0,,3.0,,3.0,,,2.0,,,,4.0,4.0,,4.0,,,,,,,,,,,,,,,,,,,,,,,,
22.07.2021,,3.0,3.0,2.0,4.0,3.0,3.0,,3.0,,,3.0,,4.0,,3.0,,,3.0,,,,,4.0,,4.0,,,,,3.0,,,,,,,,,,,,,,,,,,,
23.07.2021,,3.0,3.0,3.0,3.0,3.0,4.0,3.0,3.0,,4.0,4.0,4.0,4.0,,3.0,,,3.0,,,,,4.0,,5.0,,,,,3.0,,,,,,,,,,,,,,4.0,,,,,
24.07.2021,,3.0,3.0,3.0,3.0,3.0,,3.0,3.0,,4.0,4.0,4.0,4.0,,,,,2.0,,4.0,,4.0,4.0,,5.0,,,,,,,,,,,,,,,,,,,4.0,,,,,
25.07.2021,,3.0,3.0,3.0,4.0,3.0,3.0,3.0,3.0,,3.0,4.0,4.0,4.0,,,,,3.0,,,,4.0,4.0,,5.0,,,,,,,,,,,,,,,,,,,4.0,,,,,
26.07.2021,,3.0,3.0,2.0,3.0,3.0,3.0,3.0,3.0,,4.0,5.0,4.0,4.0,,3.0,,,3.0,,,,4.0,4.0,,4.0,,,,,3.0,,,,,,,,,,,,,,4.0,,,,,
27.07.2021,,3.0,3.0,3.0,3.0,3.0,3.0,3.0,3.0,,5.0,5.0,4.0,4.0,,,4.0,,3.0,,,,,4.0,,5.0,,,,,3.0,,,,,,,,,,,,,,4.0,,,,,
28.07.2021,,3.0,3.0,3.0,3.0,3.0,3.0,4.0,3.0,,4.0,5.0,5.0,4.0,,,4.0,,2.0,2.0,4.0,,4.0,4.0,,4.0,,,,,,,,,,,,,,,,,,,4.0,,,,,
29.07.2021,,3.0,3.0,3.0,3.0,3.0,3.0,3.0,3.0,4.0,4.0,5.0,4.0,4.0,,3.0,4.0,,2.0,,4.0,,4.0,4.0,3.0,4.0,,,,,3.0,,,,,,,,,,,,,,4.0,,,,,
30.07.2021,,3.0,3.0,3.0,3.0,3.0,3.0,3.0,,4.0,,4.0,5.0,4.0,,3.0,4.0,,2.0,,4.0,,4.0,4.0,,,,,,,,,,,,,,,,,,,,,4.0,,,,,
31.07.2021,,3.0,3.0,3.0,3.0,3.0,3.0,3.0,3.0,4.0,4.0,5.0,5.0,4.0,,,4.0,,2.0,,3.0,,,4.0,,3.0,,3.0,,3.0,3.0,,,3.0,,,3.0,3.0,,,,4.0,,,4.0,,3.0,,,
01.08.2021,,3.0,3.0,3.0,3.0,,3.0,3.0,3.0,,4.0,5.0,4.0,4.0,,3.0,,,2.0,,3.0,4.0,4.0,4.0,,4.0,,3.0,,3.0,3.0,,3.0,3.0,,3.0,3.0,3.0,,,,4.0,,3.0,4.0,,3.0,,,
02.08.2021,,2.0,3.0,4.0,3.0,3.0,3.0,4.0,3.0,,4.0,5.0,4.0,4.0,,3.0,4.0,,2.0,5.0,4.0,2.0,,4.0,4.0,5.0,,3.0,,3.0,3.0,3.0,3.0,3.0,2.0,3.0,3.0,3.0,,,,4.0,,3.0,4.0,3.0,3.0,,,
03.08.2021,,3.0,3.0,2.0,3.0,3.0,3.0,3.0,3.0,4.0,4.0,2.0,3.0,3.0,,3.0,4.0,,2.0,3.0,4.0,4.0,4.0,4.0,4.0,4.0,3.0,3.0,,3.0,3.0,3.0,3.0,2.0,2.0,,3.0,3.0,3.0,,,4.0,,3.0,4.0,3.0,3.0,4.0,,
04.08.2021,,3.0,3.0,3.0,3.0,3.0,3.0,3.0,3.0,,3.0,4.0,4.0,4.0,,3.0,4.0,,2.0,,4.0,4.0,4.0,4.0,3.0,4.0,3.0,3.0,,3.0,,3.0,3.0,3.0,,4.0,3.0,3.0,3.0,,,,,,4.0,,,3.0,,
05.08.2021,,3.0,3.0,3.0,3.0,3.0,3.0,3.0,3.0,5.0,,3.0,4.0,4.0,,3.0,4.0,,3.0,,4.0,4.0,,4.0,,4.0,,3.0,,3.0,3.0,3.0,3.0,3.0,3.0,,3.0,3.0,3.0,,,3.0,,3.0,4.0,3.0,3.0,3.0,,
06.08.2021,,3.0,3.0,3.0,4.0,3.0,3.0,3.0,3.0,,3.0,5.0,3.0,3.0,,3.0,4.0,,3.0,4.0,4.0,4.0,4.0,4.0,3.0,4.0,3.0,3.0,,3.0,3.0,3.0,3.0,3.0,,3.0,3.0,3.0,3.0,3.0,,3.0,3.0,3.0,4.0,3.0,3.0,3.0,,
07.08.2021,,3.0,3.0,2.0,3.0,3.0,3.0,3.0,3.0,,4.0,5.0,,3.0,,3.0,4.0,,3.0,,4.0,4.0,,4.0,,4.0,,3.0,,3.0,,3.0,3.0,3.0,,,3.0,3.0,3.0,3.0,,,,3.0,4.0,3.0,3.0,3.0,,
08.08.2021,,3.0,3.0,3.0,3.0,3.0,4.0,3.0,3.0,,3.0,5.0,,3.0,,3.0,4.0,,4.0,4.0,4.0,4.0,4.0,4.0,,3.0,4.0,3.0,,3.0,3.0,3.0,,3.0,,,3.0,3.0,3.0,,,3.0,,3.0,4.0,3.0,3.0,3.0,3.0,
09.08.2021,,3.0,3.0,3.0,3.0,3.0,3.0,3.0,3.0,,4.0,5.0,4.0,3.0,,3.0,4.0,,4.0,4.0,4.0,4.0,4.0,4.0,,3.0,4.0,3.0,,3.0,,3.0,3.0,3.0,,,3.0,3.0,,,,4.0,,,4.0,,,,4.0,
10.08.2021,,3.0,3.0,4.0,3.0,3.0,3.0,3.0,2.0,,4.0,5.0,3.0,3.0,3.0,3.0,4.0,,3.0,4.0,4.0,4.0,4.0,3.0,4.0,4.0,3.0,,,3.0,3.0,3.0,3.0,3.0,2.0,,3.0,3.0,3.0,,,4.0,,3.0,4.0,3.0,,,4.0,
11.08.2021,,3.0,3.0,4.0,3.0,3.0,3.0,3.0,3.0,5.0,3.0,4.0,3.0,3.0,3.0,3.0,4.0,,3.0,4.0,4.0,4.0,4.0,4.0,,4.0,,3.0,,3.0,3.0,3.0,3.0,3.0,,2.0,,3.0,3.0,3.0,,3.0,,3.0,4.0,3.0,3.0,3.0,3.0,
12.08.2021,,,3.0,3.0,3.0,3.0,3.0,3.0,3.0,5.0,4.0,5.0,4.0,4.0,3.0,3.0,4.0,,2.0,4.0,4.0,4.0,4.0,4.0,,4.0,4.0,3.0,,3.0,,3.0,3.0,,,,3.0,3.0,3.0,,,,,,4.0,,,3.0,3.0,
13.08.2021,,3.0,3.0,3.0,3.0,3.0,3.0,3.0,3.0,,3.0,5.0,4.0,3.0,,3.0,4.0,,2.0,3.0,4.0,4.0,4.0,4.0,,4.0,3.0,3.0,,3.0,3.0,3.0,3.0,3.0,,,3.0,3.0,3.0,,,3.0,,3.0,4.0,3.0,3.0,3.0,3.0,
14.08.2021,,2.0,3.0,3.0,3.0,3.0,3.0,3.0,3.0,4.0,3.0,4.0,4.0,3.0,,3.0,4.0,,3.0,,4.0,4.0,,4.0,,4.0,3.0,3.0,,3.0,,3.0,3.0,2.0,,,3.0,3.0,3.0,,,3.0,,,4.0,,,4.0,3.0,
15.08.2021,,3.0,3.0,3.0,3.0,3.0,3.0,3.0,3.0,,4.0,5.0,4.0,3.0,,3.0,4.0,,2.0,,4.0,4.0,4.0,4.0,,4.0,3.0,3.0,,3.0,3.0,3.0,,2.0,,,3.0,3.0,3.0,,,3.0,,,4.0,3.0,,3.0,2.0,
16.08.2021,,3.0,3.0,3.0,3.0,3.0,3.0,3.0,3.0,4.0,4.0,5.0,3.0,3.0,,3.0,4.0,,2.0,2.0,4.0,4.0,4.0,4.0,3.0,4.0,2.0,3.0,,3.0,,,3.0,,,,,3.0,,,,3.0,,,4.0,,,3.0,3.0,
17.08.2021,,3.0,3.0,3.0,2.0,3.0,3.0,3.0,,4.0,3.0,5.0,4.0,3.0,3.0,3.0,4.0,,2.0,3.0,4.0,5.0,4.0,4.0,,4.0,2.0,,,3.0,3.0,3.0,,2.0,,,3.0,3.0,,,,3.0,,,4.0,,,3.0,3.0,
18.08.2021,,3.0,3.0,2.0,3.0,3.0,3.0,3.0,3.0,,4.0,5.0,3.0,3.0,,3.0,4.0,,2.0,3.0,4.0,4.0,,4.0,3.0,4.0,2.0,3.0,,3.0,3.0,3.0,3.0,3.0,,,3.0,3.0,3.0,,,3.0,,3.0,4.0,,3.0,3.0,3.0,
19.08.2021,,3.0,3.0,3.0,3.0,3.0,3.0,3.0,3.0,4.0,4.0,5.0,4.0,3.0,,3.0,4.0,,2.0,4.0,4.0,4.0,4.0,4.0,3.0,4.0,2.0,3.0,,3.0,3.0,3.0,3.0,2.0,,,3.0,3.0,3.0,,,2.0,,,4.0,,,3.0,3.0,
20.08.2021,,3.0,3.0,3.0,3.0,3.0,3.0,3.0,3.0,,3.0,5.0,3.0,3.0,2.0,3.0,4.0,,2.0,4.0,4.0,4.0,4.0,4.0,3.0,4.0,2.0,3.0,,3.0,3.0,3.0,3.0,2.0,,,3.0,3.0,3.0,,,3.0,,3.0,4.0,3.0,3.0,3.0,3.0,
21.08.2021,,3.0,3.0,3.0,2.0,3.0,3.0,3.0,,4.0,4.0,4.0,3.0,3.0,,3.0,4.0,,2.0,,4.0,4.0,4.0,4.0,3.0,4.0,3.0,3.0,,3.0,3.0,3.0,3.0,2.0,,,3.0,3.0,,,,3.0,,3.0,4.0,,3.0,3.0,3.0,
22.08.2021,,3.0,3.0,3.0,3.0,,3.0,3.0,3.0,,4.0,5.0,,3.0,,3.0,,,2.0,4.0,3.0,4.0,4.0,4.0,3.0,4.0,3.0,,,3.0,,3.0,3.0,,,,,3.0,3.0,,,,,,4.0,,,3.0,3.0,
23.08.2021,,3.0,3.0,3.0,2.0,3.0,3.0,3.0,3.0,4.0,4.0,5.0,2.0,3.0,3.0,3.0,4.0,,2.0,4.0,3.0,4.0,4.0,4.0,3.0,5.0,3.0,3.0,,3.0,3.0,3.0,3.0,2.0,,,3.0,3.0,3.0,,,3.0,,3.0,4.0,3.0,,3.0,3.0,
24.08.2021,,3.0,3.0,2.0,3.0,3.0,3.0,4.0,3.0,,4.0,4.0,4.0,3.0,3.0,3.0,4.0,,2.0,3.0,4.0,4.0,3.0,5.0,3.0,4.0,3.0,3.0,,3.0,3.0,3.0,3.0,2.0,,3.0,3.0,3.0,3.0,3.0,,3.0,,3.0,4.0,,3.0,,3.0,
25.08.2021,,3.0,3.0,3.0,3.0,3.0,3.0,3.0,3.0,5.0,4.0,5.0,,3.0,4.0,3.0,4.0,,2.0,3.0,4.0,4.0,4.0,4.0,4.0,5.0,3.0,3.0,,3.0,,3.0,3.0,,,,3.0,,3.0,,,4.0,,,4.0,,,3.0,3.0,
26.08.2021,,3.0,3.0,3.0,3.0,3.0,3.0,3.0,3.0,5.0,4.0,5.0,4.0,3.0,3.0,3.0,,,3.0,,3.0,4.0,4.0,4.0,3.0,4.0,3.0,3.0,,3.0,3.0,3.0,3.0,3.0,,,3.0,3.0,3.0,,,4.0,,3.0,4.0,3.0,,3.0,3.0,
27.08.2021,,3.0,3.0,3.0,3.0,3.0,3.0,3.0,3.0,,4.0,4.0,4.0,3.0,3.0,3.0,4.0,,2.0,3.0,4.0,4.0,,3.0,3.0,4.0,3.0,3.0,,3.0,,3.0,3.0,,,,3.0,3.0,,,,4.0,,3.0,4.0,,,3.0,3.0,
28.08.2021,,3.0,3.0,3.0,2.0,,3.0,3.0,3.0,,4.0,2.0,,3.0,2.0,3.0,4.0,,3.0,4.0,,3.0,,4.0,3.0,3.0,3.0,3.0,3.0,3.0,,3.0,3.0,3.0,,,3.0,3.0,3.0,,,4.0,,3.0,4.0,3.0,,3.0,3.0,
29.08.2021,,3.0,3.0,3.0,2.0,3.0,3.0,3.0,3.0,,4.0,3.0,5.0,3.0,3.0,3.0,4.0,,2.0,,4.0,4.0,4.0,4.0,3.0,4.0,,,3.0,3.0,,3.0,3.0,,,,,3.0,,,,4.0,,,4.0,,,3.0,3.0,
30.08.2021,,3.0,3.0,3.0,3.0,3.0,3.0,3.0,3.0,,4.0,4.0,4.0,3.0,3.0,3.0,4.0,,3.0,4.0,4.0,4.0,4.0,3.0,3.0,4.0,,3.0,3.0,3.0,3.0,3.0,3.0,3.0,,,3.0,3.0,3.0,,,,,,4.0,3.0,,3.0,3.0,2.0
31.08.2021,,3.0,3.0,3.0,3.0,3.0,3.0,3.0,3.0,,,3.0,4.0,3.0,,3.0,4.0,,3.0,3.0,4.0,4.0,4.0,3.0,3.0,4.0,2.0,,4.0,3.0,,3.0,3.0,,,,3.0,3.0,,3.0,,4.0,,,4.0,3.0,,,3.0,3.0
01.09.2021,,3.0,3.0,3.0,3.0,3.0,3.0,3.0,3.0,,4.0,4.0,4.0,3.0,,3.0,,,3.0,3.0,4.0,4.0,,3.0,3.0,4.0,,3.0,4.0,3.0,3.0,3.0,3.0,3.0,,,3.0,3.0,,,,3.0,,3.0,4.0,,,,3.0,3.0
02.09.2021,,3.0,3.0,3.0,3.0,3.0,3.0,3.0,3.0,,4.0,4.0,4.0,3.0,3.0,3.0,4.0,,3.0,3.0,4.0,4.0,4.0,4.0,,4.0,,3.0,3.0,3.0,,,3.0,,,,,,,,,4.0,,,4.0,,,2.0,3.0,3.0
03.09.2021,,3.0,3.0,3.0,3.0,3.0,3.0,3.0,3.0,,4.0,4.0,4.0,3.0,3.0,3.0,4.0,,2.0,3.0,4.0,4.0,4.0,3.0,3.0,3.0,2.0,3.0,3.0,3.0,3.0,,3.0,2.0,,,3.0,3.0,3.0,,,4.0,,3.0,4.0,3.0,,3.0,3.0,3.0
04.09.2021,,3.0,3.0,3.0,2.0,3.0,3.0,3.0,3.0,,4.0,4.0,,3.0,2.0,,4.0,,2.0,3.0,4.0,4.0,,4.0,3.0,4.0,3.0,,2.0,3.0,3.0,3.0,3.0,2.0,,,3.0,3.0,,,,4.0,,,4.0,,,3.0,3.0,3.0
05.09.2021,,3.0,3.0,3.0,3.0,3.0,3.0,3.0,3.0,,3.0,5.0,4.0,3.0,,3.0,4.0,,2.0,2.0,3.0,4.0,4.0,3.0,3.0,4.0,,3.0,3.0,3.0,3.0,3.0,3.0,2.0,,,,2.0,3.0,,,4.0,,,4.0,3.0,,,3.0,3.0
06.09.2021,,3.0,3.0,3.0,3.0,,3.0,3.0,3.0,,4.0,4.0,,3.0,4.0,3.0,4.0,,3.0,3.0,3.0,4.0,4.0,4.0,3.0,4.0,3.0,3.0,,3.0,,3.0,3.0,,,,,,,,,4.0,,,4.0,,,3.0,3.0,3.0
07.09.2021,,3.0,3.0,3.0,3.0,3.0,3.0,3.0,3.0,,4.0,5.0,4.0,3.0,4.0,3.0,4.0,,3.0,3.0,3.0,4.0,4.0,4.0,3.0,4.0,3.0,3.0,3.0,3.0,3.0,3.0,3.0,2.0,,,3.0,3.0,3.0,3.0,,4.0,,,4.0,3.0,,3.0,3.0,3.0
08.09.2021,,3.0,3.0,3.0,3.0,3.0,3.0,,3.0,,4.0,2.0,,2.0,3.0,3.0,4.0,,2.0,4.0,4.0,4.0,4.0,4.0,3.0,4.0,3.0,3.0,3.0,3.0,3.0,,3.0,2.0,,,3.0,3.0,3.0,3.0,,2.0,,3.0,4.0,3.0,3.0,3.0,3.0,3.0
09.09.2021,,3.0,3.0,,3.0,3.0,3.0,3.0,3.0,,4.0,2.0,4.0,2.0,3.0,2.0,4.0,,2.0,4.0,3.0,4.0,4.0,4.0,3.0,4.0,3.0,3.0,3.0,3.0,2.0,3.0,3.0,3.0,,,,,3.0,3.0,,,,,4.0,,,3.0,,3.0
10.09.2021,,3.0,3.0,3.0,3.0,3.0,3.0,3.0,3.0,,4.0,3.0,4.0,2.0,4.0,3.0,4.0,,2.0,4.0,4.0,3.0,4.0,4.0,3.0,2.0,,3.0,3.0,3.0,2.0,3.0,3.0,2.0,,,3.0,3.0,3.0,3.0,,4.0,,,4.0,3.0,,3.0,3.0,3.0
11.09.2021,,3.0,3.0,3.0,3.0,3.0,3.0,3.0,3.0,,4.0,3.0,4.0,3.0,4.0,3.0,4.0,,2.0,4.0,4.0,4.0,4.0,4.0,,4.0,,,3.0,3.0,3.0,3.0,,,,,3.0,,3.0,3.0,,4.0,,3.0,4.0,3.0,,3.0,3.0,3.0
12.09.2021,,3.0,3.0,3.0,,3.0,3.0,3.0,3.0,,4.0,2.0,4.0,2.0,2.0,,4.0,,2.0,,3.0,4.0,,4.0,3.0,3.0,3.0,,3.0,3.0,3.0,3.0,,3.0,,,,,,3.0,,,,,4.0,,,3.0,3.0,3.0
13.09.2021,,3.0,3.0,,3.0,3.0,3.0,,3.0,,4.0,3.0,4.0,3.0,2.0,3.0,4.0,,2.0,3.0,4.0,4.0,4.0,4.0,,4.0,3.0,3.0,3.0,3.0,,3.0,3.0,,,,,3.0,,3.0,,4.0,,,4.0,,,5.0,3.0,3.0
14.09.2021,,3.0,3.0,2.0,3.0,,3.0,3.0,3.0,,4.0,3.0,4.0,3.0,2.0,3.0,4.0,,2.0,,4.0,4.0,4.0,3.0,,4.0,,,3.0,3.0,3.0,3.0,3.0,,,,,3.0,,,,,,,4.0,,,5.0,3.0,3.0
15.09.2021,,3.0,3.0,3.0,3.0,3.0,3.0,3.0,3.0,,4.0,4.0,,3.0,,3.0,4.0,,2.0,4.0,3.0,4.0,4.0,4.0,,4.0,3.0,,3.0,3.0,,3.0,3.0,3.0,,,,,,3.0,,,,,4.0,,,,3.0,3.0
16.09.2021,,3.0,3.0,3.0,3.0,3.0,3.0,3.0,3.0,,4.0,4.0,4.0,3.0,3.0,3.0,4.0,,2.0,4.0,,4.0,,4.0,,4.0,,3.0,4.0,3.0,3.0,,3.0,2.0,,3.0,,3.0,,3.0,,,,,4.0,,,,3.0,3.0
17.09.2021,,3.0,3.0,3.0,4.0,3.0,3.0,,3.0,,4.0,3.0,,3.0,3.0,3.0,4.0,,2.0,,,,,4.0,,4.0,3.0,,3.0,3.0,3.0,3.0,3.0,,,,,3.0,,3.0,,4.0,,,4.0,,,,3.0,3.0
18.09.2021,,3.0,3.0,3.0,3.0,3.0,3.0,3.0,3.0,,4.0,5.0,,3.0,,,4.0,,2.0,4.0,4.0,4.0,4.0,4.0,,4.0,3.0,,3.0,3.0,3.0,,,,,,,,,3.0,,,,,4.0,,,,3.0,3.0
19.09.2021,,3.0,3.0,3.0,3.0,,3.0,3.0,3.0,,4.0,5.0,4.0,3.0,,3.0,4.0,,2.0,3.0,4.0,4.0,,3.0,,4.0,3.0,,,3.0,,,,,,,,,,3.0,,,,,4.0,,,,3.0,
20.09.2021,,3.0,3.0,3.0,3.0,3.0,3.0,3.0,3.0,,4.0,4.0,4.0,3.0,,3.0,4.0,,2.0,4.0,,3.0,4.0,3.0,,4.0,3.0,,3.0,3.0,,3.0,,,,,,,,3.0,,,,,4.0,,,,3.0,3.0
21.09.2021,,3.0,3.0,3.0,3.0,3.0,3.0,3.0,3.0,,3.0,3.0,3.0,3.0,,3.0,4.0,,2.0,4.0,4.0,4.0,4.0,4.0,3.0,4.0,3.0,,3.0,3.0,3.0,,3.0,3.0,,,,2.0,,3.0,,,,3.0,4.0,,,3.0,3.0,3.0
22.09.2021,,3.0,3.0,3.0,3.0,3.0,3.0,3.0,3.0,,3.0,4.0,4.0,3.0,4.0,3.0,4.0,,2.0,,3.0,3.0,4.0,3.0,3.0,4.0,3.0,,3.0,3.0,3.0,3.0,3.0,3.0,,,,,,3.0,,4.0,,,4.0,,3.0,3.0,3.0,3.0
23.09.2021,,3.0,3.0,3.0,3.0,3.0,3.0,3.0,3.0,,4.0,4.0,3.0,3.0,,3.0,4.0,,2.0,2.0,2.0,4.0,3.0,4.0,3.0,4.0,3.0,3.0,4.0,3.0,,3.0,3.0,,,,,3.0,,3.0,,4.0,,,4.0,,,3.0,3.0,3.0
24.09.2021,,3.0,3.0,3.0,3.0,3.0,3.0,3.0,3.0,,4.0,4.0,3.0,3.0,3.0,3.0,4.0,,2.0,2.0,2.0,4.0,4.0,4.0,3.0,4.0,3.0,3.0,4.0,3.0,3.0,3.0,3.0,,,,3.0,3.0,,3.0,,4.0,,,4.0,3.0,3.0,,3.0,3.0
25.09.2021,,3.0,3.0,3.0,2.0,3.0,,3.0,3.0,,4.0,4.0,4.0,3.0,3.0,3.0,4.0,,2.0,4.0,4.0,4.0,,4.0,3.0,4.0,3.0,3.0,4.0,3.0,3.0,3.0,3.0,2.0,,,3.0,3.0,,3.0,,4.0,,3.0,4.0,3.0,3.0,3.0,3.0,3.0
26.09.2021,,3.0,3.0,3.0,3.0,3.0,3.0,3.0,3.0,,4.0,4.0,4.0,3.0,3.0,3.0,3.0,,2.0,,3.0,4.0,4.0,4.0,,,4.0,3.0,3.0,3.0,3.0,,3.0,2.0,,3.0,3.0,3.0,,3.0,,,,,4.0,3.0,,,3.0,3.0
27.09.2021,,3.0,3.0,3.0,3.0,3.0,3.0,3.0,4.0,,,4.0,4.0,3.0,,3.0,4.0,,1.0,4.0,3.0,4.0,,4.0,3.0,4.0,3.0,3.0,3.0,3.0,,3.0,3.0,2.0,,,,3.0,,4.0,,2.0,,,4.0,,,3.0,3.0,
28.09.2021,,3.0,3.0,3.0,3.0,3.0,3.0,3.0,,,4.0,4.0,3.0,3.0,,3.0,4.0,,2.0,4.0,3.0,4.0,4.0,3.0,3.0,4.0,3.0,3.0,3.0,3.0,3.0,3.0,3.0,2.0,,,3.0,3.0,,3.0,,2.0,,3.0,4.0,3.0,,,3.0,3.0
29.09.2021,,3.0,3.0,3.0,3.0,3.0,3.0,3.0,3.0,,4.0,4.0,,3.0,,3.0,4.0,,,3.0,4.0,4.0,4.0,3.0,3.0,4.0,,,3.0,3.0,3.0,,3.0,2.0,,,3.0,2.0,3.0,3.0,,4.0,,3.0,4.0,3.0,3.0,3.0,3.0,3.0
30.09.2021,,,3.0,3.0,3.0,3.0,3.0,3.0,3.0,,4.0,4.0,,3.0,3.0,3.0,4.0,,2.0,,3.0,3.0,4.0,3.0,,4.0,,,4.0,3.0,3.0,3.0,3.0,,,,,3.0,,3.0,,3.0,,,4.0,,,3.0,3.0,3.0
01.10.2021,,3.0,3.0,3.0,3.0,3.0,3.0,3.0,4.0,,4.0,4.0,4.0,3.0,,3.0,4.0,,2.0,3.0,4.0,4.0,,3.0,3.0,4.0,3.0,3.0,2.0,,3.0,3.0,3.0,2.0,,,3.0,3.0,3.0,3.0,,4.0,3.0,3.0,4.0,3.0,,3.0,3.0,3.0
02.10.2021,,3.0,3.0,3.0,2.0,3.0,3.0,,3.0,,4.0,4.0,,3.0,,3.0,4.0,,2.0,,4.0,,,3.0,,4.0,3.0,3.0,3.0,,3.0,3.0,3.0,2.0,,,3.0,3.0,,3.0,,4.0,,3.0,4.0,3.0,,3.0,3.0,3.0
03.10.2021,,3.0,3.0,3.0,3.0,3.0,3.0,3.0,3.0,,,4.0,,3.0,,3.0,4.0,,2.0,,,4.0,3.0,3.0,,4.0,2.0,,3.0,,3.0,3.0,3.0,,,,,3.0,,3.0,,3.0,,,4.0,,,,3.0,3.0
04.10.2021,,3.0,3.0,3.0,3.0,3.0,3.0,3.0,3.0,,4.0,4.0,4.0,3.0,2.0,3.0,4.0,,2.0,3.0,3.0,4.0,4.0,4.0,,3.0,3.0,3.0,3.0,,3.0,3.0,,,,,,3.0,,3.0,,3.0,,,4.0,,,,3.0,3.0
05.10.2021,,3.0,3.0,2.0,3.0,3.0,3.0,3.0,,,4.0,4.0,4.0,3.0,3.0,3.0,4.0,,2.0,5.0,3.0,4.0,4.0,4.0,,3.0,2.0,,4.0,3.0,3.0,3.0,3.0,3.0,,,3.0,,3.0,3.0,,3.0,,,4.0,3.0,3.0,,3.0,3.0
06.10.2021,,3.0,3.0,3.0,3.0,3.0,3.0,3.0,3.0,,4.0,3.0,3.0,3.0,3.0,3.0,4.0,,2.0,2.0,3.0,,3.0,4.0,3.0,4.0,3.0,3.0,3.0,3.0,3.0,3.0,3.0,3.0,,,3.0,2.0,,3.0,,4.0,,3.0,4.0,3.0,3.0,3.0,3.0,2.0
07.10.2021,,3.0,3.0,2.0,3.0,3.0,3.0,,3.0,,4.0,4.0,,3.0,3.0,3.0,4.0,,3.0,,4.0,4.0,,3.0,3.0,,3.0,,3.0,3.0,3.0,,,,,,,3.0,,3.0,,,,,4.0,,,,3.0,3.0
08.10.2021,,3.0,3.0,3.0,3.0,3.0,3.0,3.0,4.0,,4.0,4.0,4.0,2.0,3.0,3.0,4.0,,3.0,3.0,,4.0,4.0,4.0,3.0,4.0,3.0,3.0,3.0,3.0,3.0,3.0,3.0,2.0,,,3.0,3.0,,3.0,,3.0,3.0,,4.0,3.0,,3.0,3.0,3.0
09.10.2021,,3.0,3.0,3.0,3.0,3.0,3.0,,3.0,,4.0,4.0,,3.0,,3.0,4.0,,3.0,3.0,4.0,4.0,,4.0,3.0,4.0,3.0,3.0,4.0,3.0,3.0,3.0,3.0,2.0,,,3.0,3.0,3.0,3.0,,4.0,,3.0,4.0,,,3.0,3.0,3.0
10.10.2021,,3.0,3.0,2.0,3.0,3.0,3.0,3.0,3.0,,4.0,,4.0,3.0,,2.0,4.0,,,,4.0,3.0,,4.0,3.0,4.0,,3.0,4.0,3.0,,3.0,3.0,3.0,,,3.0,3.0,,3.0,,2.0,3.0,3.0,4.0,,,3.0,3.0,2.0
11.10.2021,,3.0,3.0,3.0,3.0,3.0,3.0,3.0,3.0,,,3.0,4.0,3.0,,3.0,4.0,,2.0,4.0,4.0,4.0,4.0,4.0,3.0,4.0,3.0,3.0,3.0,,3.0,3.0,3.0,,,,,3.0,,,,2.0,,,4.0,,,,3.0,3.0
12.10.2021,,3.0,3.0,3.0,3.0,3.0,3.0,3.0,3.0,,4.0,5.0,4.0,3.0,4.0,3.0,,,2.0,3.0,4.0,4.0,4.0,4.0,3.0,5.0,3.0,3.0,4.0,3.0,3.0,,3.0,3.0,,,3.0,3.0,3.0,3.0,,3.0,3.0,3.0,4.0,3.0,3.0,3.0,3.0,2.0
13.10.2021,,3.0,3.0,2.0,3.0,3.0,3.0,,3.0,,4.0,5.0,4.0,3.0,4.0,3.0,4.0,,2.0,4.0,,4.0,,4.0,3.0,5.0,3.0,3.0,3.0,3.0,3.0,3.0,3.0,2.0,,2.0,3.0,3.0,3.0,,,4.0,3.0,,4.0,3.0,3.0,3.0,3.0,3.0
14.10.2021,,3.0,3.0,2.0,3.0,3.0,3.0,,3.0,,,5.0,4.0,2.0,,3.0,4.0,,2.0,,4.0,,4.0,4.0,3.0,5.0,3.0,3.0,4.0,,3.0,,3.0,3.0,,4.0,,3.0,,3.0,,4.0,,,4.0,,,3.0,3.0,3.0
15.10.2021,,3.0,3.0,2.0,3.0,3.0,3.0,3.0,3.0,,2.0,5.0,4.0,3.0,,3.0,4.0,,2.0,3.0,4.0,,4.0,4.0,3.0,5.0,3.0,3.0,3.0,3.0,3.0,3.0,3.0,2.0,,,3.0,3.0,3.0,3.0,,3.0,,,4.0,3.0,,,3.0,3.0
16.10.2021,,3.0,3.0,3.0,,3.0,3.0,,3.0,,4.0,4.0,5.0,3.0,,3.0,4.0,,2.0,,,,,4.0,3.0,5.0,3.0,3.0,3.0,,3.0,3.0,3.0,3.0,,,3.0,3.0,3.0,3.0,,3.0,,,4.0,,,,3.0,3.0
17.10.2021,,3.0,3.0,3.0,3.0,2.0,3.0,,3.0,,3.0,5.0,4.0,3.0,,3.0,4.0,,2.0,4.0,4.0,,4.0,3.0,3.0,5.0,4.0,,4.0,,3.0,3.0,3.0,,,3.0,3.0,,3.0,3.0,,3.0,,,4.0,3.0,,,3.0,3.0
18.10.2021,,3.0,3.0,2.0,,2.0,3.0,3.0,3.0,,3.0,4.0,4.0,3.0,,3.0,4.0,,2.0,3.0,4.0,,4.0,4.0,3.0,5.0,3.0,3.0,4.0,,3.0,3.0,3.0,,,,,,,4.0,,,,,4.0,,,,3.0,3.0
19.10.2021,,3.0,3.0,3.0,3.0,2.0,3.0,3.0,3.0,,3.0,4.0,4.0,3.0,,3.0,4.0,,3.0,4.0,4.0,,4.0,3.0,3.0,5.0,3.0,3.0,4.0,,3.0,,,,,,,,,,,,,,4.0,,,4.0,3.0,3.0
20.10.2021,,3.0,3.0,3.0,3.0,2.0,3.0,3.0,3.0,,4.0,5.0,4.0,3.0,,3.0,4.0,,2.0,3.0,4.0,,4.0,4.0,3.0,5.0,3.0,,3.0,,3.0,,,,,,,,,,,,,,4.0,,,,3.0,3.0
21.10.2021,,3.0,3.0,2.0,,3.0,3.0,,3.0,,4.0,5.0,,3.0,,3.0,4.0,,2.0,4.0,4.0,,4.0,3.0,4.0,5.0,3.0,,3.0,,3.0,,,,,,,3.0,,,,,,,4.0,,,,3.0,3.0
22.10.2021,,3.0,3.0,3.0,3.0,3.0,3.0,,3.0,,3.0,5.0,,3.0,,3.0,4.0,,,,4.0,,3.0,4.0,3.0,5.0,3.0,,4.0,,3.0,,3.0,,,,,3.0,,,,,,,4.0,,,,3.0,3.0
23.10.2021,,3.0,3.0,2.0,3.0,3.0,3.0,,3.0,,3.0,5.0,,3.0,,3.0,4.0,,,4.0,4.0,,4.0,4.0,3.0,5.0,3.0,,5.0,,,,,,,,,,,,,,,,4.0,,,,3.0,3.0
24.10.2021,,3.0,3.0,2.0,3.0,,3.0,,3.0,,4.0,5.0,,3.0,,,4.0,,,4.0,4.0,,,4.0,3.0,5.0,3.0,,3.0,,,,3.0,,,,,,,,,,,,4.0,,,,3.0,3.0
25.10.2021,,3.0,3.0,2.0,3.0,3.0,3.0,3.0,3.0,,4.0,5.0,4.0,3.0,,3.0,4.0,,2.0,4.0,,,4.0,4.0,3.0,5.0,3.0,,4.0,,3.0,,3.0,2.0,,,,3.0,,,,,,,4.0,,,,3.0,3.0
26.10.2021,,3.0,3.0,2.0,3.0,3.0,3.0,3.0,3.0,,4.0,5.0,4.0,3.0,,3.0,4.0,,2.0,,,,4.0,4.0,3.0,3.0,,,3.0,3.0,3.0,,3.0,,,,,3.0,,,,,,,4.0,,,,3.0,2.0
27.10.2021,,3.0,3.0,3.0,3.0,3.0,3.0,3.0,3.0,,4.0,4.0,4.0,3.0,,3.0,4.0,,2.0,3.0,4.0,,4.0,3.0,3.0,5.0,3.0,,4.0,3.0,3.0,,3.0,,,,,3.0,,,,,,,4.0,,,,3.0,3.0
28.10.2021,,3.0,3.0,3.0,3.0,3.0,3.0,3.0,3.0,,,4.0,4.0,2.0,,3.0,4.0,,2.0,,,,4.0,3.0,3.0,,3.0,,3.0,3.0,3.0,,3.0,,,,,2.0,,,,,,,4.0,,,3.0,3.0,3.0
29.10.2021,,3.0,3.0,3.0,3.0,3.0,3.0,3.0,3.0,,4.0,4.0,,3.0,,3.0,4.0,,,,4.0,,4.0,4.0,3.0,5.0,3.0,,3.0,3.0,3.0,3.0,3.0,,,,,,3.0,3.0,,4.0,,,4.0,,,3.0,3.0,3.0
30.10.2021,,3.0,3.0,3.0,,3.0,3.0,,,,,5.0,,3.0,,3.0,4.0,,,,,,4.0,4.0,3.0,5.0,3.0,,3.0,3.0,3.0,3.0,3.0,,,,,3.0,,,,,,,4.0,,,3.0,3.0,3.0
31.10.2021,,3.0,3.0,3.0,3.0,3.0,3.0,,3.0,,4.0,4.0,,3.0,,,,,,,,,4.0,4.0,,5.0,3.0,3.0,2.0,3.0,,3.0,3.0,,,3.0,,3.0,,,,,,,4.0,,,4.0,3.0,3.0
01.11.2021,,,3.0,3.0,3.0,3.0,3.0,3.0,3.0,,,3.0,4.0,3.0,,3.0,4.0,,4.0,,4.0,,4.0,4.0,3.0,5.0,,,2.0,,3.0,,3.0,,,,,,,,,,,,4.0,,,4.0,3.0,3.0
02.11.2021,,3.0,3.0,3.0,,3.0,3.0,3.0,3.0,,4.0,3.0,3.0,3.0,,3.0,4.0,,4.0,,4.0,,4.0,4.0,3.0,5.0,3.0,,3.0,3.0,3.0,,3.0,3.0,,,,,,,,3.0,,,4.0,,,3.0,3.0,3.0
03.11.2021,,3.0,3.0,3.0,3.0,3.0,3.0,,,,3.0,3.0,4.0,3.0,,3.0,4.0,,2.0,,3.0,,4.0,4.0,,5.0,3.0,3.0,4.0,3.0,3.0,,3.0,,,,,3.0,3.0,,,3.0,,,4.0,,,3.0,3.0,3.0
04.11.2021,,3.0,3.0,3.0,3.0,,3.0,,3.0,,4.0,3.0,3.0,3.0,,3.0,4.0,,3.0,,4.0,,4.0,4.0,3.0,5.0,3.0,3.0,4.0,3.0,3.0,,3.0,2.0,,3.0,,3.0,,,,3.0,,,4.0,,3.0,3.0,3.0,3.0
05.11.2021,,3.0,3.0,3.0,3.0,3.0,3.0,,3.0,,,5.0,,3.0,,3.0,4.0,,3.0,,,,4.0,4.0,3.0,3.0,3.0,,4.0,3.0,,,3.0,,,,,,,,,,,,4.0,,,,3.0,3.0
06.11.2021,,3.0,3.0,3.0,3.0,3.0,3.0,,3.0,,,4.0,4.0,3.0,,3.0,4.0,,3.0,,4.0,,4.0,4.0,3.0,3.0,3.0,3.0,3.0,3.0,3.0,,,,,,,3.0,,,,,,,4.0,3.0,,,3.0,3.0
07.11.2021,,3.0,3.0,3.0,3.0,3.0,3.0,,3.0,,,5.0,5.0,3.0,,3.0,,,2.0,,3.0,,,4.0,3.0,5.0,3.0,3.0,2.0,3.0,3.0,,3.0,,,,,,,,,,,,4.0,,3.0,,3.0,3.0
08.11.2021,,,3.0,3.0,3.0,3.0,3.0,3.0,3.0,,4.0,5.0,4.0,3.0,,3.0,4.0,,2.0,,4.0,,4.0,3.0,3.0,5.0,3.0,,3.0,,3.0,,,,,,,,,3.0,,,,,4.0,,,3.0,3.0,3.0
09.11.2021,,3.0,3.0,3.0,3.0,3.0,3.0,3.0,3.0,,,4.0,,3.0,,3.0,4.0,,2.0,,,,4.0,4.0,3.0,5.0,,3.0,4.0,3.0,3.0,,3.0,3.0,,,,3.0,,,,,,,4.0,3.0,3.0,3.0,3.0,2.0
10.11.2021,,3.0,3.0,3.0,3.0,3.0,3.0,,3.0,,4.0,4.0,3.0,3.0,,3.0,4.0,,2.0,,4.0,,,4.0,4.0,,3.0,,4.0,3.0,,,3.0,3.0,,,,3.0,,,,,,,4.0,,,,3.0,2.0
11.11.2021,,3.0,3.0,3.0,3.0,3.0,3.0,,3.0,,,4.0,3.0,3.0,,3.0,4.0,,2.0,,,,4.0,3.0,3.0,4.0,3.0,,4.0,,3.0,,3.0,,,,,,,,,,,,4.0,,,3.0,3.0,2.0
12.11.2021,,3.0,3.0,3.0,3.0,3.0,3.0,,3.0,,,4.0,4.0,3.0,,3.0,4.0,,,,4.0,,,4.0,3.0,5.0,3.0,,4.0,3.0,3.0,,,3.0,,,,3.0,,,,,,,4.0,,3.0,,3.0,3.0
13.11.2021,,,3.0,3.0,,3.0,3.0,,,,,4.0,4.0,3.0,,3.0,4.0,,2.0,,4.0,,4.0,4.0,3.0,5.0,3.0,,,3.0,,,,,,,,3.0,,,,,,,4.0,,,3.0,,2.0
14.11.2021,,3.0,3.0,,3.0,3.0,3.0,,3.0,,,4.0,,3.0,,3.0,4.0,,,,2.0,,,4.0,,5.0,3.0,,,,,,,,,,,,,,,,,,4.0,,,,,
15.11.2021,,3.0,3.0,3.0,3.0,3.0,3.0,,3.0,,,4.0,2.0,,,3.0,4.0,,2.0,,,,4.0,4.0,3.0,5.0,4.0,,,,,,,,,,,,,,,,,,4.0,,,3.0,,
16.11.2021,,3.0,3.0,2.0,3.0,3.0,3.0,,3.0,,4.0,4.0,2.0,,,3.0,4.0,,,,2.0,,,4.0,3.0,2.0,4.0,,,,,,,,,,,,,,,,,,4.0,,,,,
17.11.2021,,2.0,3.0,4.0,2.0,3.0,3.0,,3.0,,,4.0,3.0,,3.0,3.0,4.0,,2.0,,3.0,,,4.0,3.0,3.0,3.0,,,,,,,,,,,,,,,,,,,,,,,
18.11.2021,,3.0,3.0,3.0,3.0,3.0,3.0,,3.0,,,,,,3.0,3.0,4.0,,,,3.0,,,3.0,3.0,4.0,3.0,,,,,,,,,,,,,,,,,,,,3.0,,,
19.11.2021,,3.0,,3.0,3.0,3.0,3.0,,3.0,,,3.0,,,,4.0,,,,,3.0,,4.0,4.0,3.0,2.0,,,,,,,,,,,,,,,,,,,,,,,,
20.11.2021,,3.0,3.0,3.0,,3.0,3.0,,3.0,,,4.0,4.0,,,,4.0,,,,,,,4.0,3.0,3.0,2.0,,,,,,,,,,,,,,,,,,,,,,,
21.11.2021,,3.0,3.0,3.0,3.0,,3.0,,3.0,,,,4.0,,,,,,,,,,,3.0,3.0,2.0,2.0,,,,,,,,,,,,,,,,,,,,,,,
22.11.2021,,3.0,3.0,3.0,3.0,3.0,3.0,,3.0,,,4.0,,,,3.0,,,,,4.0,,,3.0,3.0,,2.0,,,,,,,,,,,,,,,,,,,,,,,
23.11.2021,,3.0,3.0,2.0,3.0,3.0,3.0,,3.0,,,3.0,3.0,,,3.0,,,,,3.0,,,4.0,3.0,,2.0,,,,,,,,,,,,,,,,,,,,,,,
24.11.2021,,3.0,3.0,3.0,,3.0,3.0,,3.0,,,4.0,,,,3.0,,,,,,,,4.0,3.0,,3.0,,,,,,,,,,,,,,,,,,,,,,,
25.11.2021,,3.0,3.0,2.0,,3.0,3.0,,3.0,,,4.0,,,,3.0,,,,,,3.0,,3.0,3.0,,3.0,,,,,,,,,,,,,,,,,,,,,,,
26.11.2021,,3.0,3.0,3.0,3.0,3.0,3.0,,,,,2.0,,,,,,,,,,,,3.0,3.0,,3.0,,,,,,,,,,,,,,,,,,,,,,,
27.11.2021,,3.0,3.0,4.0,3.0,3.0,3.0,,3.0,,,5.0,,,,,,,,,4.0,,,4.0,,,,,,,,,,,,,,,,,,,,,,,,,,
28.11.2021,,3.0,3.0,2.0,3.0,,3.0,,3.0,,,5.0,,,,,,,,,4.0,,,3.0,3.0,,3.0,,,,,,,,,,,,,,,,,,,,,,,
29.11.2021,,3.0,3.0,3.0,,3.0,3.0,,3.0,,,3.0,,,,3.0,,,,,2.0,,,4.0,3.0,4.0,3.0,,,,,,,,,,,,,,,,,,,,,,,
30.11.2021,,3.0,3.0,3.0,,,3.0,,3.0,,,3.0,,,,3.0,,,,,4.0,,,4.0,3.0,5.0,3.0,,,,,,,,,,,,,,,,,,,,,,,
01.12.2021,,,3.0,3.0,,3.0,3.0,,,,5.0,1.0,,,,3.0,,,,,,,,4.0,3.0,4.0,,,,,,,,,,,,,,,,,,,,,,,,
02.12.2021,,3.0,3.0,3.0,,,3.0,,3.0,,,5.0,,,,3.0,,,,,,4.0,,4.0,3.0,4.0,,,,,,,,,,,,,,,,,,,,,,,,
03.12.2021,,3.0,3.0,3.0,3.0,,3.0,,3.0,,,4.0,,,,,,,,,,,,4.0,3.0,3.0,,,,,,,,,,,,,,,,,,,,,,,,
04.12.2021,,3.0,3.0,3.0,,3.0,3.0,,,,,,4.0,,,,,,,,,4.0,,4.0,3.0,5.0,,,,,,,,,,,,,,,,,,,,,,,,
05.12.2021,,3.0,3.0,3.0,,3.0,3.0,,,,,5.0,4.0,,,,,,,,,,,4.0,3.0,5.0,,,,,,,,,,,,,,,,,,,,,,,,
06.12.2021,,3.0,3.0,2.0,2.0,3.0,3.0,,,,4.0,5.0,4.0,,,3.0,,,,,,4.0,,4.0,3.0,4.0,,,,,,,,,,,,,,,,,,,,,,,,
07.12.2021,,3.0,3.0,3.0,,3.0,3.0,,3.0,,,2.0,3.0,,,3.0,,,,,,4.0,4.0,3.0,,5.0,,,,,,,,,,,,,,,,,,,,,,,,
08.12.2021,,,,3.0,,,3.0,,3.0,,,2.0,4.0,,,3.0,,,,,,,3.0,4.0,3.0,2.0,,,,,,,,,,,,,,,,,,,,,,,,
09.12.2021,,3.0,3.0,3.0,3.0,3.0,3.0,,3.0,,,4.0,3.0,,,3.0,,,,,,,4.0,4.0,3.0,3.0,,,,,,,,,,,,,,,,,,,,,,,,
10.12.2021,,3.0,3.0,3.0,3.0,3.0,3.0,,,,4.0,5.0,3.0,,,3.0,,,,,,4.0,,3.0,3.0,2.0,,,,,,,,,,,,,,,,,,,,,,,,
11.12.2021,,3.0,3.0,3.0,3.0,,3.0,,3.0,,,5.0,4.0,,,3.0,,,,,,4.0,3.0,4.0,3.0,2.0,,,,,,,,,,,,,,,,,,,,,,,,
12.12.2021,,3.0,3.0,3.0,,3.0,3.0,,3.0,,,5.0,4.0,,,3.0,,,,,4.0,,,3.0,,3.0,4.0,,,,,,,,,,,,,,,,,,,,,,,
13.12.2021,,3.0,3.0,3.0,2.0,3.0,3.0,,,,,5.0,,,3.0,3.0,,,2.0,,,,,4.0,,3.0,,,,,,,,,,,,,,,,,,,,,,,,
14.12.2021,,3.0,2.0,3.0,4.0,3.0,3.0,,3.0,,4.0,5.0,,,4.0,3.0,,,2.0,,,4.0,,4.0,3.0,4.0,4.0,,,,,,,,,,,,,,,,,,,,,,,
15.12.2021,,,3.0,3.0,,,3.0,,3.0,,,4.0,2.0,,3.0,3.0,,,,,,4.0,4.0,4.0,3.0,2.0,,,,,,,,,,,,,,,,,,,,,,,,
16.12.2021,,3.0,3.0,3.0,,3.0,3.0,,3.0,,,5.0,3.0,,1.0,3.0,,,,,,4.0,,3.0,3.0,4.0,,,,,,,,,,,,,,,,,,,,,,,,
17.12.2021,,3.0,3.0,3.0,,,3.0,,3.0,,,5.0,3.0,,,,,,4.0,,4.0,3.0,,4.0,3.0,5.0,4.0,,,,,,,,,,,,,,,,,,,,,,,
18.12.2021,,3.0,3.0,4.0,,,3.0,,3.0,,,3.0,,,4.0,,,,,,4.0,3.0,,4.0,3.0,3.0,,,,,,,,,,,,,,,,,,,,,,,,
19.12.2021,,3.0,3.0,3.0,,3.0,3.0,,3.0,,,5.0,,,,3.0,,,,,4.0,4.0,,5.0,3.0,3.0,,,,,,,,,,,,,,,,,,,,,,,,
20.12.2021,,3.0,3.0,4.0,,3.0,3.0,,,,3.0,5.0,,,,3.0,,,,,4.0,4.0,,4.0,3.0,4.0,,,,,,,,,,,,,,,,,,,,,,,,
21.12.2021,,3.0,3.0,3.0,,3.0,3.0,,3.0,,,5.0,3.0,,,3.0,,,,,4.0,,,4.0,3.0,4.0,3.0,,,,,,,,,,,,,,,,,,,,,,,
22.12.2021,,3.0,3.0,3.0,,3.0,3.0,,,,,5.0,3.0,,,3.0,,,,,4.0,4.0,,5.0,3.0,4.0,,,,,,,,,,,,,,,,,,,,,,,,
23.12.2021,,3.0,3.0,3.0,,,3.0,,3.0,,,5.0,,,,,,,,,4.0,,,3.0,3.0,4.0,,,,,,,,,,,,,,,,,,,,,,,,
24.12.2021,,3.0,3.0,4.0,,3.0,3.0,,,,,5.0,,,,,,,,,5.0,,,4.0,3.0,5.0,4.0,,,,,,,,,,,,,,,,,,,,,,,
25.12.2021,,3.0,3.0,4.0,,,3.0,,,,4.0,5.0,,,,3.0,,,,,4.0,3.0,,4.0,3.0,5.0,3.0,,,,,,,,,,,,,,,,,,,,,,,
26.12.2021,,,3.0,3.0,,3.0,3.0,,3.0,,,5.0,,,,,,,,,4.0,4.0,,4.0,3.0,5.0,4.0,,,,,,,,,,,,,,,,,,,,,,,
27.12.2021,,3.0,3.0,4.0,,,3.0,,3.0,,,5.0,,,,,,,,,,4.0,,4.0,3.0,5.0,4.0,,,,,,,,,,,,,,,,,,,,,,,
28.12.2021,,3.0,3.0,3.0,,3.0,3.0,,3.0,,,5.0,,,,3.0,,,,,4.0,4.0,,4.0,3.0,5.0,3.0,,,,,,,,,,,,,,,,,,,,,,,
29.12.2021,,3.0,3.0,3.0,,3.0,3.0,,3.0,,,4.0,,,,3.0,,,,,,4.0,,4.0,3.0,5.0,4.0,,,,,,,,,,,,,,,,,,,,,,,
30.12.2021,,3.0,3.0,3.0,,3.0,3.0,,,,,4.0,,,,3.0,,,,,4.0,4.0,,4.0,3.0,4.0,,,,,,,,,,,,,,,,,,,,,,,,
31.12.2021,,3.0,,4.0,,3.0,3.0,,3.0,,,5.0,,,,3.0,,,,,,3.0,,4.0,3.0,5.0,,,,,,,,,,,,,,,,,,,,,,,,
